-- =========================================================
-- Migration: Grades unique constraint + Secondary Classes
-- Run this in Supabase SQL Editor
-- =========================================================

-- 1. Add unique constraint to grades table so upsertGrade works
ALTER TABLE grades
  ADD CONSTRAINT IF NOT EXISTS grades_unique
  UNIQUE (student_id, subject_id, class_id, grade_type, semester);

-- =========================================================
-- 2. Insert Secondary School Classes (grades 10, 11, 12)
-- UUID format: c0000010-0000-0000-0000-00000000000X for grade 10
--              c0000011-0000-0000-0000-00000000000X for grade 11
--              c0000012-0000-0000-0000-00000000000X for grade 12
-- =========================================================

INSERT INTO classes (id, name, grade, section, academic_year) VALUES
  -- Grade 10
  ('c0000010-0000-0000-0000-000000000001', 'الصف العاشر / 1', 10, '1', '2025-2026'),
  ('c0000010-0000-0000-0000-000000000002', 'الصف العاشر / 2', 10, '2', '2025-2026'),
  ('c0000010-0000-0000-0000-000000000003', 'الصف العاشر / 3', 10, '3', '2025-2026'),
  ('c0000010-0000-0000-0000-000000000004', 'الصف العاشر / 4', 10, '4', '2025-2026'),
  ('c0000010-0000-0000-0000-000000000005', 'الصف العاشر / 5', 10, '5', '2025-2026'),
  ('c0000010-0000-0000-0000-000000000006', 'الصف العاشر / 6', 10, '6', '2025-2026'),
  -- Grade 11
  ('c0000011-0000-0000-0000-000000000001', 'الصف الحادي عشر / 1', 11, '1', '2025-2026'),
  ('c0000011-0000-0000-0000-000000000002', 'الصف الحادي عشر / 2', 11, '2', '2025-2026'),
  ('c0000011-0000-0000-0000-000000000003', 'الصف الحادي عشر / 3', 11, '3', '2025-2026'),
  ('c0000011-0000-0000-0000-000000000004', 'الصف الحادي عشر / 4', 11, '4', '2025-2026'),
  ('c0000011-0000-0000-0000-000000000005', 'الصف الحادي عشر / 5', 11, '5', '2025-2026'),
  ('c0000011-0000-0000-0000-000000000006', 'الصف الحادي عشر / دبلوم', 11, 'د', '2025-2026'),
  -- Grade 12
  ('c0000012-0000-0000-0000-000000000001', 'الصف الثاني عشر / 1', 12, '1', '2025-2026'),
  ('c0000012-0000-0000-0000-000000000002', 'الصف الثاني عشر / 2', 12, '2', '2025-2026'),
  ('c0000012-0000-0000-0000-000000000003', 'الصف الثاني عشر / 3', 12, '3', '2025-2026'),
  ('c0000012-0000-0000-0000-000000000004', 'الصف الثاني عشر / 4', 12, '4', '2025-2026'),
  ('c0000012-0000-0000-0000-000000000005', 'الصف الثاني عشر / 5', 12, '5', '2025-2026'),
  ('c0000012-0000-0000-0000-000000000006', 'الصف الثاني عشر / دبلوم', 12, 'د', '2025-2026')
ON CONFLICT (id) DO NOTHING;

-- =========================================================
-- 3. Insert subjects for secondary (if not already exist)
-- =========================================================
INSERT INTO subjects (id, name, code) VALUES
  ('s0000001-0000-0000-0000-000000000001', 'تربية إسلامية', 'ISL'),
  ('s0000001-0000-0000-0000-000000000002', 'لغة عربية', 'ARB'),
  ('s0000001-0000-0000-0000-000000000003', 'لغة إنجليزية', 'ENG'),
  ('s0000001-0000-0000-0000-000000000004', 'لغة فرنسية', 'FRN'),
  ('s0000001-0000-0000-0000-000000000005', 'رياضيات', 'MATH'),
  ('s0000001-0000-0000-0000-000000000006', 'كيمياء', 'CHEM'),
  ('s0000001-0000-0000-0000-000000000007', 'فيزياء', 'PHYS'),
  ('s0000001-0000-0000-0000-000000000008', 'أحياء', 'BIO'),
  ('s0000001-0000-0000-0000-000000000009', 'جيولوجيا', 'GEO'),
  ('s0000001-0000-0000-0000-000000000010', 'اجتماعيات', 'SOC'),
  ('s0000001-0000-0000-0000-000000000011', 'حاسوب', 'COMP')
ON CONFLICT (id) DO NOTHING;

-- =========================================================
-- 4. teacher_classes assignments (secondary only)
-- Teacher UUID format: b1000001-0000-0000-0000-0000000000XX
-- =========================================================

-- Helper function for readability - using direct inserts
-- Teacher 001 سمير (إسلامية): 1-12, 2-12, 3-11, 3-12
INSERT INTO teacher_classes (teacher_id, class_id) VALUES
  ('b1000001-0000-0000-0000-000000000001', 'c0000012-0000-0000-0000-000000000001'),
  ('b1000001-0000-0000-0000-000000000001', 'c0000012-0000-0000-0000-000000000002'),
  ('b1000001-0000-0000-0000-000000000001', 'c0000011-0000-0000-0000-000000000003'),
  ('b1000001-0000-0000-0000-000000000001', 'c0000012-0000-0000-0000-000000000003'),
-- Teacher 002 صفوت (إسلامية): 5-10, 6-10, 4-10, 3-10, 1-11د, 4-11
  ('b1000001-0000-0000-0000-000000000002', 'c0000010-0000-0000-0000-000000000005'),
  ('b1000001-0000-0000-0000-000000000002', 'c0000010-0000-0000-0000-000000000006'),
  ('b1000001-0000-0000-0000-000000000002', 'c0000010-0000-0000-0000-000000000004'),
  ('b1000001-0000-0000-0000-000000000002', 'c0000010-0000-0000-0000-000000000003'),
  ('b1000001-0000-0000-0000-000000000002', 'c0000011-0000-0000-0000-000000000006'),
  ('b1000001-0000-0000-0000-000000000002', 'c0000011-0000-0000-0000-000000000004'),
-- Teacher 003 ايمن الدسوقي (إسلامية): 1-12د, 2-11, 5-11, 4-12, 5-12, 1-11
  ('b1000001-0000-0000-0000-000000000003', 'c0000012-0000-0000-0000-000000000006'),
  ('b1000001-0000-0000-0000-000000000003', 'c0000011-0000-0000-0000-000000000002'),
  ('b1000001-0000-0000-0000-000000000003', 'c0000011-0000-0000-0000-000000000005'),
  ('b1000001-0000-0000-0000-000000000003', 'c0000012-0000-0000-0000-000000000004'),
  ('b1000001-0000-0000-0000-000000000003', 'c0000012-0000-0000-0000-000000000005'),
  ('b1000001-0000-0000-0000-000000000003', 'c0000011-0000-0000-0000-000000000001'),
-- Teacher 004 حسن (إسلامية): 2-10, 1-10
  ('b1000001-0000-0000-0000-000000000004', 'c0000010-0000-0000-0000-000000000002'),
  ('b1000001-0000-0000-0000-000000000004', 'c0000010-0000-0000-0000-000000000001'),
-- Teacher 005 طارق البهنسي (عربي): 3-12, 2-11
  ('b1000001-0000-0000-0000-000000000005', 'c0000012-0000-0000-0000-000000000003'),
  ('b1000001-0000-0000-0000-000000000005', 'c0000011-0000-0000-0000-000000000002'),
-- Teacher 006 عادل ياسين (عربي): 5-10, 6-10, 4-11
  ('b1000001-0000-0000-0000-000000000006', 'c0000010-0000-0000-0000-000000000005'),
  ('b1000001-0000-0000-0000-000000000006', 'c0000010-0000-0000-0000-000000000006'),
  ('b1000001-0000-0000-0000-000000000006', 'c0000011-0000-0000-0000-000000000004'),
-- Teacher 007 محمد فتحي (عربي): 5-11, 1-12د, 3-11
  ('b1000001-0000-0000-0000-000000000007', 'c0000011-0000-0000-0000-000000000005'),
  ('b1000001-0000-0000-0000-000000000007', 'c0000012-0000-0000-0000-000000000006'),
  ('b1000001-0000-0000-0000-000000000007', 'c0000011-0000-0000-0000-000000000003'),
-- Teacher 008 ايمن فتحي (عربي): 2-10, 3-10, 4-10
  ('b1000001-0000-0000-0000-000000000008', 'c0000010-0000-0000-0000-000000000002'),
  ('b1000001-0000-0000-0000-000000000008', 'c0000010-0000-0000-0000-000000000003'),
  ('b1000001-0000-0000-0000-000000000008', 'c0000010-0000-0000-0000-000000000004'),
-- Teacher 009 احمد حمدي سعد (عربي): 1-10
  ('b1000001-0000-0000-0000-000000000009', 'c0000010-0000-0000-0000-000000000001'),
-- Teacher 010 مصطفى الجيار (عربي): 5-12, 1-11د, 1-12
  ('b1000001-0000-0000-0000-000000000010', 'c0000012-0000-0000-0000-000000000005'),
  ('b1000001-0000-0000-0000-000000000010', 'c0000011-0000-0000-0000-000000000006'),
  ('b1000001-0000-0000-0000-000000000010', 'c0000012-0000-0000-0000-000000000001'),
-- Teacher 011 اسامه مختار (عربي): 4-12, 2-12, 1-11
  ('b1000001-0000-0000-0000-000000000011', 'c0000012-0000-0000-0000-000000000004'),
  ('b1000001-0000-0000-0000-000000000011', 'c0000012-0000-0000-0000-000000000002'),
  ('b1000001-0000-0000-0000-000000000011', 'c0000011-0000-0000-0000-000000000001'),
-- Teacher 012 منصور (إنجليزي): 2-11, 3-12
  ('b1000001-0000-0000-0000-000000000012', 'c0000011-0000-0000-0000-000000000002'),
  ('b1000001-0000-0000-0000-000000000012', 'c0000012-0000-0000-0000-000000000003'),
-- Teacher 013 محمد الشاي (إنجليزي): 4-10, 4-11, 3-11, 5-10
  ('b1000001-0000-0000-0000-000000000013', 'c0000010-0000-0000-0000-000000000004'),
  ('b1000001-0000-0000-0000-000000000013', 'c0000011-0000-0000-0000-000000000004'),
  ('b1000001-0000-0000-0000-000000000013', 'c0000011-0000-0000-0000-000000000003'),
  ('b1000001-0000-0000-0000-000000000013', 'c0000010-0000-0000-0000-000000000005'),
-- Teacher 014 صالح صلاح (إنجليزي): 1-10, 2-10, 1-11د, 3-10
  ('b1000001-0000-0000-0000-000000000014', 'c0000010-0000-0000-0000-000000000001'),
  ('b1000001-0000-0000-0000-000000000014', 'c0000010-0000-0000-0000-000000000002'),
  ('b1000001-0000-0000-0000-000000000014', 'c0000011-0000-0000-0000-000000000006'),
  ('b1000001-0000-0000-0000-000000000014', 'c0000010-0000-0000-0000-000000000003'),
-- Teacher 015 كامل زهران (إنجليزي): 4-12, 5-11, 1-11, 1-12
  ('b1000001-0000-0000-0000-000000000015', 'c0000012-0000-0000-0000-000000000004'),
  ('b1000001-0000-0000-0000-000000000015', 'c0000011-0000-0000-0000-000000000005'),
  ('b1000001-0000-0000-0000-000000000015', 'c0000011-0000-0000-0000-000000000001'),
  ('b1000001-0000-0000-0000-000000000015', 'c0000012-0000-0000-0000-000000000001'),
-- Teacher 016 نعمان (إنجليزي): 6-10, 5-12, 2-12, 1-12د
  ('b1000001-0000-0000-0000-000000000016', 'c0000010-0000-0000-0000-000000000006'),
  ('b1000001-0000-0000-0000-000000000016', 'c0000012-0000-0000-0000-000000000005'),
  ('b1000001-0000-0000-0000-000000000016', 'c0000012-0000-0000-0000-000000000002'),
  ('b1000001-0000-0000-0000-000000000016', 'c0000012-0000-0000-0000-000000000006'),
-- Teacher 017 لطفي (فرنسي): 1-12د, 1-11د
  ('b1000001-0000-0000-0000-000000000017', 'c0000012-0000-0000-0000-000000000006'),
  ('b1000001-0000-0000-0000-000000000017', 'c0000011-0000-0000-0000-000000000006'),
-- Teacher 018 محمود الشحات (رياضيات): 1-12, 2-11
  ('b1000001-0000-0000-0000-000000000018', 'c0000012-0000-0000-0000-000000000001'),
  ('b1000001-0000-0000-0000-000000000018', 'c0000011-0000-0000-0000-000000000002'),
-- Teacher 019 اسامه الضوي (رياضيات): 5-12, 2-12, 5-11
  ('b1000001-0000-0000-0000-000000000019', 'c0000012-0000-0000-0000-000000000005'),
  ('b1000001-0000-0000-0000-000000000019', 'c0000012-0000-0000-0000-000000000002'),
  ('b1000001-0000-0000-0000-000000000019', 'c0000011-0000-0000-0000-000000000005'),
-- Teacher 020 السيد انور (رياضيات): 6-10, 3-12, 4-12
  ('b1000001-0000-0000-0000-000000000020', 'c0000010-0000-0000-0000-000000000006'),
  ('b1000001-0000-0000-0000-000000000020', 'c0000012-0000-0000-0000-000000000003'),
  ('b1000001-0000-0000-0000-000000000020', 'c0000012-0000-0000-0000-000000000004'),
-- Teacher 021 شريف احمد (رياضيات): 1-11, 3-11, 4-11, 1-12د
  ('b1000001-0000-0000-0000-000000000021', 'c0000011-0000-0000-0000-000000000001'),
  ('b1000001-0000-0000-0000-000000000021', 'c0000011-0000-0000-0000-000000000003'),
  ('b1000001-0000-0000-0000-000000000021', 'c0000011-0000-0000-0000-000000000004'),
  ('b1000001-0000-0000-0000-000000000021', 'c0000012-0000-0000-0000-000000000006'),
-- Teacher 022 عثمان راضي (رياضيات): 5-10, 4-10
  ('b1000001-0000-0000-0000-000000000022', 'c0000010-0000-0000-0000-000000000005'),
  ('b1000001-0000-0000-0000-000000000022', 'c0000010-0000-0000-0000-000000000004'),
-- Teacher 023 خالد الشناوي (رياضيات): 1-10, 2-10, 3-10, 1-11د
  ('b1000001-0000-0000-0000-000000000023', 'c0000010-0000-0000-0000-000000000001'),
  ('b1000001-0000-0000-0000-000000000023', 'c0000010-0000-0000-0000-000000000002'),
  ('b1000001-0000-0000-0000-000000000023', 'c0000010-0000-0000-0000-000000000003'),
  ('b1000001-0000-0000-0000-000000000023', 'c0000011-0000-0000-0000-000000000006'),
-- Teacher 024 رائد (كيمياء): 2-11, 1-12, 2-12, 3-12
  ('b1000001-0000-0000-0000-000000000024', 'c0000011-0000-0000-0000-000000000002'),
  ('b1000001-0000-0000-0000-000000000024', 'c0000012-0000-0000-0000-000000000001'),
  ('b1000001-0000-0000-0000-000000000024', 'c0000012-0000-0000-0000-000000000002'),
  ('b1000001-0000-0000-0000-000000000024', 'c0000012-0000-0000-0000-000000000003'),
-- Teacher 025 احمد عبدالفتاح (كيمياء): 5-11, 4-11, 3-11, 1-11, 1-10, 2-10
  ('b1000001-0000-0000-0000-000000000025', 'c0000011-0000-0000-0000-000000000005'),
  ('b1000001-0000-0000-0000-000000000025', 'c0000011-0000-0000-0000-000000000004'),
  ('b1000001-0000-0000-0000-000000000025', 'c0000011-0000-0000-0000-000000000003'),
  ('b1000001-0000-0000-0000-000000000025', 'c0000011-0000-0000-0000-000000000001'),
  ('b1000001-0000-0000-0000-000000000025', 'c0000010-0000-0000-0000-000000000001'),
  ('b1000001-0000-0000-0000-000000000025', 'c0000010-0000-0000-0000-000000000002'),
-- Teacher 026 كامل عبدالجواد (كيمياء): 4-10, 5-10, 5-12, 6-10, 3-10, 4-12
  ('b1000001-0000-0000-0000-000000000026', 'c0000010-0000-0000-0000-000000000004'),
  ('b1000001-0000-0000-0000-000000000026', 'c0000010-0000-0000-0000-000000000005'),
  ('b1000001-0000-0000-0000-000000000026', 'c0000012-0000-0000-0000-000000000005'),
  ('b1000001-0000-0000-0000-000000000026', 'c0000010-0000-0000-0000-000000000006'),
  ('b1000001-0000-0000-0000-000000000026', 'c0000010-0000-0000-0000-000000000003'),
  ('b1000001-0000-0000-0000-000000000026', 'c0000012-0000-0000-0000-000000000004'),
-- Teacher 027 ناصر (فيزياء): 1-10, 2-10, 5-12, 5-10, 3-10, 4-10, 6-10
  ('b1000001-0000-0000-0000-000000000027', 'c0000010-0000-0000-0000-000000000001'),
  ('b1000001-0000-0000-0000-000000000027', 'c0000010-0000-0000-0000-000000000002'),
  ('b1000001-0000-0000-0000-000000000027', 'c0000012-0000-0000-0000-000000000005'),
  ('b1000001-0000-0000-0000-000000000027', 'c0000010-0000-0000-0000-000000000005'),
  ('b1000001-0000-0000-0000-000000000027', 'c0000010-0000-0000-0000-000000000003'),
  ('b1000001-0000-0000-0000-000000000027', 'c0000010-0000-0000-0000-000000000004'),
  ('b1000001-0000-0000-0000-000000000027', 'c0000010-0000-0000-0000-000000000006'),
-- Teacher 028 ايهاب جمال (فيزياء): 4-11, 5-11, 2-11
  ('b1000001-0000-0000-0000-000000000028', 'c0000011-0000-0000-0000-000000000004'),
  ('b1000001-0000-0000-0000-000000000028', 'c0000011-0000-0000-0000-000000000005'),
  ('b1000001-0000-0000-0000-000000000028', 'c0000011-0000-0000-0000-000000000002'),
-- Teacher 029 خليل احميد (فيزياء): 4-12, 2-12, 1-12, 1-11, 3-11, 3-12
  ('b1000001-0000-0000-0000-000000000029', 'c0000012-0000-0000-0000-000000000004'),
  ('b1000001-0000-0000-0000-000000000029', 'c0000012-0000-0000-0000-000000000002'),
  ('b1000001-0000-0000-0000-000000000029', 'c0000012-0000-0000-0000-000000000001'),
  ('b1000001-0000-0000-0000-000000000029', 'c0000011-0000-0000-0000-000000000001'),
  ('b1000001-0000-0000-0000-000000000029', 'c0000011-0000-0000-0000-000000000003'),
  ('b1000001-0000-0000-0000-000000000029', 'c0000012-0000-0000-0000-000000000003'),
-- Teacher 030 ايمن فوزي (أحياء): 1-11, 3-11, 2-12, 3-12, 4-11, 1-12, 2-11, 5-11
  ('b1000001-0000-0000-0000-000000000030', 'c0000011-0000-0000-0000-000000000001'),
  ('b1000001-0000-0000-0000-000000000030', 'c0000011-0000-0000-0000-000000000003'),
  ('b1000001-0000-0000-0000-000000000030', 'c0000012-0000-0000-0000-000000000002'),
  ('b1000001-0000-0000-0000-000000000030', 'c0000012-0000-0000-0000-000000000003'),
  ('b1000001-0000-0000-0000-000000000030', 'c0000011-0000-0000-0000-000000000004'),
  ('b1000001-0000-0000-0000-000000000030', 'c0000012-0000-0000-0000-000000000001'),
  ('b1000001-0000-0000-0000-000000000030', 'c0000011-0000-0000-0000-000000000002'),
  ('b1000001-0000-0000-0000-000000000030', 'c0000011-0000-0000-0000-000000000005'),
-- Teacher 031 ايمن زيدان (أحياء): 2-10, 4-10, 6-10, 3-10, 4-12, 1-10, 5-12, 5-10
  ('b1000001-0000-0000-0000-000000000031', 'c0000010-0000-0000-0000-000000000002'),
  ('b1000001-0000-0000-0000-000000000031', 'c0000010-0000-0000-0000-000000000004'),
  ('b1000001-0000-0000-0000-000000000031', 'c0000010-0000-0000-0000-000000000006'),
  ('b1000001-0000-0000-0000-000000000031', 'c0000010-0000-0000-0000-000000000003'),
  ('b1000001-0000-0000-0000-000000000031', 'c0000012-0000-0000-0000-000000000004'),
  ('b1000001-0000-0000-0000-000000000031', 'c0000010-0000-0000-0000-000000000001'),
  ('b1000001-0000-0000-0000-000000000031', 'c0000012-0000-0000-0000-000000000005'),
  ('b1000001-0000-0000-0000-000000000031', 'c0000010-0000-0000-0000-000000000005'),
-- Teacher 032 علي حسن (جيولوجيا): 4-11, 1-11, 2-11, 3-11, 5-11
  ('b1000001-0000-0000-0000-000000000032', 'c0000011-0000-0000-0000-000000000004'),
  ('b1000001-0000-0000-0000-000000000032', 'c0000011-0000-0000-0000-000000000001'),
  ('b1000001-0000-0000-0000-000000000032', 'c0000011-0000-0000-0000-000000000002'),
  ('b1000001-0000-0000-0000-000000000032', 'c0000011-0000-0000-0000-000000000003'),
  ('b1000001-0000-0000-0000-000000000032', 'c0000011-0000-0000-0000-000000000005'),
-- Teacher 033 الفاتح (اجتماعيات): 3-10, 4-10, 1-11د, 1-12د
  ('b1000001-0000-0000-0000-000000000033', 'c0000010-0000-0000-0000-000000000003'),
  ('b1000001-0000-0000-0000-000000000033', 'c0000010-0000-0000-0000-000000000004'),
  ('b1000001-0000-0000-0000-000000000033', 'c0000011-0000-0000-0000-000000000006'),
  ('b1000001-0000-0000-0000-000000000033', 'c0000012-0000-0000-0000-000000000006'),
-- Teacher 034 جبار عوض (اجتماعيات): 1-11د, 1-12د, 5-10, 6-10
  ('b1000001-0000-0000-0000-000000000034', 'c0000011-0000-0000-0000-000000000006'),
  ('b1000001-0000-0000-0000-000000000034', 'c0000012-0000-0000-0000-000000000006'),
  ('b1000001-0000-0000-0000-000000000034', 'c0000010-0000-0000-0000-000000000005'),
  ('b1000001-0000-0000-0000-000000000034', 'c0000010-0000-0000-0000-000000000006'),
-- Teacher 035 اسامه محفوظ (اجتماعيات): 1-12د, 1-11د
  ('b1000001-0000-0000-0000-000000000035', 'c0000012-0000-0000-0000-000000000006'),
  ('b1000001-0000-0000-0000-000000000035', 'c0000011-0000-0000-0000-000000000006'),
-- Teacher 036 خليل سامي (حاسوب): 3-12, 1-12د, 3-11, 2-12, 1-12, 5-12, 4-12, 5-11, 4-11, 2-11, 1-11, 1-11د
  ('b1000001-0000-0000-0000-000000000036', 'c0000012-0000-0000-0000-000000000003'),
  ('b1000001-0000-0000-0000-000000000036', 'c0000012-0000-0000-0000-000000000006'),
  ('b1000001-0000-0000-0000-000000000036', 'c0000011-0000-0000-0000-000000000003'),
  ('b1000001-0000-0000-0000-000000000036', 'c0000012-0000-0000-0000-000000000002'),
  ('b1000001-0000-0000-0000-000000000036', 'c0000012-0000-0000-0000-000000000001'),
  ('b1000001-0000-0000-0000-000000000036', 'c0000012-0000-0000-0000-000000000005'),
  ('b1000001-0000-0000-0000-000000000036', 'c0000012-0000-0000-0000-000000000004'),
  ('b1000001-0000-0000-0000-000000000036', 'c0000011-0000-0000-0000-000000000005'),
  ('b1000001-0000-0000-0000-000000000036', 'c0000011-0000-0000-0000-000000000004'),
  ('b1000001-0000-0000-0000-000000000036', 'c0000011-0000-0000-0000-000000000002'),
  ('b1000001-0000-0000-0000-000000000036', 'c0000011-0000-0000-0000-000000000001'),
  ('b1000001-0000-0000-0000-000000000036', 'c0000011-0000-0000-0000-000000000006'),
-- Teacher 037 احمد حمدي (حاسوب): 1-10, 3-10, 4-10, 5-10, 2-10, 6-10
  ('b1000001-0000-0000-0000-000000000037', 'c0000010-0000-0000-0000-000000000001'),
  ('b1000001-0000-0000-0000-000000000037', 'c0000010-0000-0000-0000-000000000003'),
  ('b1000001-0000-0000-0000-000000000037', 'c0000010-0000-0000-0000-000000000004'),
  ('b1000001-0000-0000-0000-000000000037', 'c0000010-0000-0000-0000-000000000005'),
  ('b1000001-0000-0000-0000-000000000037', 'c0000010-0000-0000-0000-000000000002'),
  ('b1000001-0000-0000-0000-000000000037', 'c0000010-0000-0000-0000-000000000006')
ON CONFLICT DO NOTHING;

-- =========================================================
-- 5. teacher_subjects assignments
-- =========================================================
INSERT INTO teacher_subjects (teacher_id, subject_id) VALUES
  ('b1000001-0000-0000-0000-000000000001', 's0000001-0000-0000-0000-000000000001'), -- سمير: إسلامية
  ('b1000001-0000-0000-0000-000000000002', 's0000001-0000-0000-0000-000000000001'), -- صفوت: إسلامية
  ('b1000001-0000-0000-0000-000000000003', 's0000001-0000-0000-0000-000000000001'), -- ايمن الدسوقي: إسلامية
  ('b1000001-0000-0000-0000-000000000004', 's0000001-0000-0000-0000-000000000001'), -- حسن: إسلامية
  ('b1000001-0000-0000-0000-000000000005', 's0000001-0000-0000-0000-000000000002'), -- طارق: عربي
  ('b1000001-0000-0000-0000-000000000006', 's0000001-0000-0000-0000-000000000002'), -- عادل: عربي
  ('b1000001-0000-0000-0000-000000000007', 's0000001-0000-0000-0000-000000000002'), -- محمد فتحي: عربي
  ('b1000001-0000-0000-0000-000000000008', 's0000001-0000-0000-0000-000000000002'), -- ايمن فتحي: عربي
  ('b1000001-0000-0000-0000-000000000009', 's0000001-0000-0000-0000-000000000002'), -- احمد حمدي سعد: عربي
  ('b1000001-0000-0000-0000-000000000010', 's0000001-0000-0000-0000-000000000002'), -- مصطفى: عربي
  ('b1000001-0000-0000-0000-000000000011', 's0000001-0000-0000-0000-000000000002'), -- اسامه مختار: عربي
  ('b1000001-0000-0000-0000-000000000012', 's0000001-0000-0000-0000-000000000003'), -- منصور: إنجليزي
  ('b1000001-0000-0000-0000-000000000013', 's0000001-0000-0000-0000-000000000003'), -- محمد الشاي: إنجليزي
  ('b1000001-0000-0000-0000-000000000014', 's0000001-0000-0000-0000-000000000003'), -- صالح صلاح: إنجليزي
  ('b1000001-0000-0000-0000-000000000015', 's0000001-0000-0000-0000-000000000003'), -- كامل زهران: إنجليزي
  ('b1000001-0000-0000-0000-000000000016', 's0000001-0000-0000-0000-000000000003'), -- نعمان: إنجليزي
  ('b1000001-0000-0000-0000-000000000017', 's0000001-0000-0000-0000-000000000004'), -- لطفي: فرنسي
  ('b1000001-0000-0000-0000-000000000018', 's0000001-0000-0000-0000-000000000005'), -- محمود الشحات: رياضيات
  ('b1000001-0000-0000-0000-000000000019', 's0000001-0000-0000-0000-000000000005'), -- اسامه الضوي: رياضيات
  ('b1000001-0000-0000-0000-000000000020', 's0000001-0000-0000-0000-000000000005'), -- السيد انور: رياضيات
  ('b1000001-0000-0000-0000-000000000021', 's0000001-0000-0000-0000-000000000005'), -- شريف: رياضيات
  ('b1000001-0000-0000-0000-000000000022', 's0000001-0000-0000-0000-000000000005'), -- عثمان: رياضيات
  ('b1000001-0000-0000-0000-000000000023', 's0000001-0000-0000-0000-000000000005'), -- خالد الشناوي: رياضيات
  ('b1000001-0000-0000-0000-000000000024', 's0000001-0000-0000-0000-000000000006'), -- رائد: كيمياء
  ('b1000001-0000-0000-0000-000000000025', 's0000001-0000-0000-0000-000000000006'), -- احمد عبدالفتاح: كيمياء
  ('b1000001-0000-0000-0000-000000000026', 's0000001-0000-0000-0000-000000000006'), -- كامل عبدالجواد: كيمياء
  ('b1000001-0000-0000-0000-000000000027', 's0000001-0000-0000-0000-000000000007'), -- ناصر: فيزياء
  ('b1000001-0000-0000-0000-000000000028', 's0000001-0000-0000-0000-000000000007'), -- ايهاب: فيزياء
  ('b1000001-0000-0000-0000-000000000029', 's0000001-0000-0000-0000-000000000007'), -- خليل: فيزياء
  ('b1000001-0000-0000-0000-000000000030', 's0000001-0000-0000-0000-000000000008'), -- ايمن فوزي: أحياء
  ('b1000001-0000-0000-0000-000000000031', 's0000001-0000-0000-0000-000000000008'), -- ايمن زيدان: أحياء
  ('b1000001-0000-0000-0000-000000000032', 's0000001-0000-0000-0000-000000000009'), -- علي: جيولوجيا
  ('b1000001-0000-0000-0000-000000000033', 's0000001-0000-0000-0000-000000000010'), -- الفاتح: اجتماعيات
  ('b1000001-0000-0000-0000-000000000034', 's0000001-0000-0000-0000-000000000010'), -- جبار: اجتماعيات
  ('b1000001-0000-0000-0000-000000000035', 's0000001-0000-0000-0000-000000000010'), -- اسامه محفوظ: اجتماعيات
  ('b1000001-0000-0000-0000-000000000036', 's0000001-0000-0000-0000-000000000011'), -- خليل سامي: حاسوب
  ('b1000001-0000-0000-0000-000000000037', 's0000001-0000-0000-0000-000000000011')  -- احمد حمدي: حاسوب
ON CONFLICT DO NOTHING;
