-- =========================================================
-- Migration: Grades unique constraint + Secondary Classes
-- Run this in Supabase SQL Editor
-- =========================================================

-- 1. Add unique constraint to grades table so upsertGrade works
ALTER TABLE grades
  ADD CONSTRAINT IF NOT EXISTS grades_unique
  UNIQUE (student_id, subject_id, class_id, grade_type, semester);

-- =========================================================
-- 2. Insert Secondary School Classes (grades 10, 11, 12)
-- ============================================================
-- Migration 20260312000000: Secondary school classes + timetable
-- المرحلة الثانوية: الصفوف 10-11-12 (18 فصل)
-- ============================================================

-- Step 1: Classes
INSERT INTO public.classes (id, name, grade, section, track) VALUES
  ('c0000010-0000-0000-0000-000000000001', '1-10', '10', '1', 'عام'),
  ('c0000010-0000-0000-0000-000000000002', '2-10', '10', '2', 'عام'),
  ('c0000010-0000-0000-0000-000000000003', '3-10', '10', '3', 'عام'),
  ('c0000010-0000-0000-0000-000000000004', '4-10', '10', '4', 'عام'),
  ('c0000010-0000-0000-0000-000000000005', '5-10', '10', '5', 'عام'),
  ('c0000010-0000-0000-0000-000000000006', '6-10', '10', '6', 'عام'),
  ('c0000011-0000-0000-0000-000000000001', '1-11', '11', '1', 'علمي'),
  ('c0000011-0000-0000-0000-000000000002', '2-11', '11', '2', 'علمي'),
  ('c0000011-0000-0000-0000-000000000003', '3-11', '11', '3', 'علمي'),
  ('c0000011-0000-0000-0000-000000000004', '4-11', '11', '4', 'علمي'),
  ('c0000011-0000-0000-0000-000000000005', '5-11', '11', '5', 'علمي'),
  ('c0000011-0000-0000-0000-000000000006', '1-11د', '11', '1', 'أدبي'),
  ('c0000012-0000-0000-0000-000000000001', '1-12', '12', '1', 'علمي'),
  ('c0000012-0000-0000-0000-000000000002', '2-12', '12', '2', 'علمي'),
  ('c0000012-0000-0000-0000-000000000003', '3-12', '12', '3', 'علمي'),
  ('c0000012-0000-0000-0000-000000000004', '4-12', '12', '4', 'علمي'),
  ('c0000012-0000-0000-0000-000000000005', '5-12', '12', '5', 'علمي'),
  ('c0000012-0000-0000-0000-000000000006', '1-12د', '12', '1', 'أدبي')
ON CONFLICT (id) DO UPDATE SET name=EXCLUDED.name;

-- Step 2: Teacher-Class Assignments
INSERT INTO public.teacher_classes (teacher_id, class_id) VALUES
  ('b1000001-0000-0000-0000-000000000001', 'c0000012-0000-0000-0000-000000000001'),
  ('b1000001-0000-0000-0000-000000000001', 'c0000012-0000-0000-0000-000000000002'),
  ('b1000001-0000-0000-0000-000000000001', 'c0000012-0000-0000-0000-000000000003'),
  ('b1000001-0000-0000-0000-000000000001', 'c0000011-0000-0000-0000-000000000003'),
  ('b1000001-0000-0000-0000-000000000002', 'c0000010-0000-0000-0000-000000000005'),
  ('b1000001-0000-0000-0000-000000000002', 'c0000010-0000-0000-0000-000000000006'),
  ('b1000001-0000-0000-0000-000000000002', 'c0000010-0000-0000-0000-000000000004'),
  ('b1000001-0000-0000-0000-000000000002', 'c0000010-0000-0000-0000-000000000003'),
  ('b1000001-0000-0000-0000-000000000002', 'c0000011-0000-0000-0000-000000000006'),
  ('b1000001-0000-0000-0000-000000000002', 'c0000011-0000-0000-0000-000000000004'),
  ('b1000001-0000-0000-0000-000000000003', 'c0000012-0000-0000-0000-000000000006'),
  ('b1000001-0000-0000-0000-000000000003', 'c0000011-0000-0000-0000-000000000002'),
  ('b1000001-0000-0000-0000-000000000003', 'c0000011-0000-0000-0000-000000000005'),
  ('b1000001-0000-0000-0000-000000000003', 'c0000012-0000-0000-0000-000000000004'),
  ('b1000001-0000-0000-0000-000000000003', 'c0000012-0000-0000-0000-000000000005'),
  ('b1000001-0000-0000-0000-000000000003', 'c0000011-0000-0000-0000-000000000001'),
  ('b1000001-0000-0000-0000-000000000004', 'c0000010-0000-0000-0000-000000000001'),
  ('b1000001-0000-0000-0000-000000000004', 'c0000010-0000-0000-0000-000000000002'),
  ('b1000001-0000-0000-0000-000000000005', 'c0000012-0000-0000-0000-000000000003'),
  ('b1000001-0000-0000-0000-000000000005', 'c0000011-0000-0000-0000-000000000002'),
  ('b1000001-0000-0000-0000-000000000005', 'c0000011-0000-0000-0000-000000000001'),
  ('b1000001-0000-0000-0000-000000000006', 'c0000010-0000-0000-0000-000000000005'),
  ('b1000001-0000-0000-0000-000000000006', 'c0000010-0000-0000-0000-000000000006'),
  ('b1000001-0000-0000-0000-000000000006', 'c0000011-0000-0000-0000-000000000004'),
  ('b1000001-0000-0000-0000-000000000007', 'c0000011-0000-0000-0000-000000000005'),
  ('b1000001-0000-0000-0000-000000000007', 'c0000012-0000-0000-0000-000000000006'),
  ('b1000001-0000-0000-0000-000000000007', 'c0000011-0000-0000-0000-000000000003'),
  ('b1000001-0000-0000-0000-000000000008', 'c0000010-0000-0000-0000-000000000002'),
  ('b1000001-0000-0000-0000-000000000008', 'c0000010-0000-0000-0000-000000000003'),
  ('b1000001-0000-0000-0000-000000000008', 'c0000010-0000-0000-0000-000000000004'),
  ('b1000001-0000-0000-0000-000000000010', 'c0000012-0000-0000-0000-000000000005'),
  ('b1000001-0000-0000-0000-000000000010', 'c0000011-0000-0000-0000-000000000006'),
  ('b1000001-0000-0000-0000-000000000010', 'c0000012-0000-0000-0000-000000000001'),
  ('b1000001-0000-0000-0000-000000000011', 'c0000012-0000-0000-0000-000000000004'),
  ('b1000001-0000-0000-0000-000000000011', 'c0000012-0000-0000-0000-000000000002'),
  ('b1000001-0000-0000-0000-000000000011', 'c0000011-0000-0000-0000-000000000001'),
  ('b1000001-0000-0000-0000-000000000012', 'c0000011-0000-0000-0000-000000000002'),
  ('b1000001-0000-0000-0000-000000000012', 'c0000012-0000-0000-0000-000000000003'),
  ('b1000001-0000-0000-0000-000000000014', 'c0000010-0000-0000-0000-000000000001'),
  ('b1000001-0000-0000-0000-000000000014', 'c0000010-0000-0000-0000-000000000002'),
  ('b1000001-0000-0000-0000-000000000014', 'c0000011-0000-0000-0000-000000000006'),
  ('b1000001-0000-0000-0000-000000000014', 'c0000010-0000-0000-0000-000000000003'),
  ('b1000001-0000-0000-0000-000000000015', 'c0000012-0000-0000-0000-000000000004'),
  ('b1000001-0000-0000-0000-000000000015', 'c0000011-0000-0000-0000-000000000005'),
  ('b1000001-0000-0000-0000-000000000015', 'c0000011-0000-0000-0000-000000000001'),
  ('b1000001-0000-0000-0000-000000000015', 'c0000012-0000-0000-0000-000000000001'),
  ('b1000001-0000-0000-0000-000000000016', 'c0000010-0000-0000-0000-000000000006'),
  ('b1000001-0000-0000-0000-000000000016', 'c0000012-0000-0000-0000-000000000005'),
  ('b1000001-0000-0000-0000-000000000016', 'c0000012-0000-0000-0000-000000000002'),
  ('b1000001-0000-0000-0000-000000000016', 'c0000012-0000-0000-0000-000000000006'),
  ('b1000001-0000-0000-0000-000000000017', 'c0000012-0000-0000-0000-000000000006'),
  ('b1000001-0000-0000-0000-000000000017', 'c0000011-0000-0000-0000-000000000006'),
  ('b1000001-0000-0000-0000-000000000018', 'c0000012-0000-0000-0000-000000000001'),
  ('b1000001-0000-0000-0000-000000000018', 'c0000011-0000-0000-0000-000000000002'),
  ('b1000001-0000-0000-0000-000000000019', 'c0000012-0000-0000-0000-000000000005'),
  ('b1000001-0000-0000-0000-000000000019', 'c0000012-0000-0000-0000-000000000002'),
  ('b1000001-0000-0000-0000-000000000019', 'c0000011-0000-0000-0000-000000000005'),
  ('b1000001-0000-0000-0000-000000000020', 'c0000010-0000-0000-0000-000000000006'),
  ('b1000001-0000-0000-0000-000000000020', 'c0000012-0000-0000-0000-000000000003'),
  ('b1000001-0000-0000-0000-000000000020', 'c0000012-0000-0000-0000-000000000004'),
  ('b1000001-0000-0000-0000-000000000021', 'c0000011-0000-0000-0000-000000000001'),
  ('b1000001-0000-0000-0000-000000000021', 'c0000011-0000-0000-0000-000000000003'),
  ('b1000001-0000-0000-0000-000000000021', 'c0000011-0000-0000-0000-000000000004'),
  ('b1000001-0000-0000-0000-000000000021', 'c0000012-0000-0000-0000-000000000006'),
  ('b1000001-0000-0000-0000-000000000023', 'c0000011-0000-0000-0000-000000000006'),
  ('b1000001-0000-0000-0000-000000000023', 'c0000010-0000-0000-0000-000000000001'),
  ('b1000001-0000-0000-0000-000000000023', 'c0000010-0000-0000-0000-000000000003'),
  ('b1000001-0000-0000-0000-000000000023', 'c0000010-0000-0000-0000-000000000002'),
  ('b1000001-0000-0000-0000-000000000024', 'c0000011-0000-0000-0000-000000000002'),
  ('b1000001-0000-0000-0000-000000000024', 'c0000012-0000-0000-0000-000000000001'),
  ('b1000001-0000-0000-0000-000000000024', 'c0000012-0000-0000-0000-000000000002'),
  ('b1000001-0000-0000-0000-000000000024', 'c0000012-0000-0000-0000-000000000003'),
  ('b1000001-0000-0000-0000-000000000025', 'c0000011-0000-0000-0000-000000000005'),
  ('b1000001-0000-0000-0000-000000000025', 'c0000011-0000-0000-0000-000000000004'),
  ('b1000001-0000-0000-0000-000000000025', 'c0000011-0000-0000-0000-000000000003'),
  ('b1000001-0000-0000-0000-000000000025', 'c0000011-0000-0000-0000-000000000001'),
  ('b1000001-0000-0000-0000-000000000025', 'c0000010-0000-0000-0000-000000000001'),
  ('b1000001-0000-0000-0000-000000000025', 'c0000010-0000-0000-0000-000000000002'),
  ('b1000001-0000-0000-0000-000000000026', 'c0000010-0000-0000-0000-000000000004'),
  ('b1000001-0000-0000-0000-000000000026', 'c0000010-0000-0000-0000-000000000005'),
  ('b1000001-0000-0000-0000-000000000026', 'c0000012-0000-0000-0000-000000000005'),
  ('b1000001-0000-0000-0000-000000000026', 'c0000010-0000-0000-0000-000000000006'),
  ('b1000001-0000-0000-0000-000000000026', 'c0000010-0000-0000-0000-000000000003'),
  ('b1000001-0000-0000-0000-000000000026', 'c0000012-0000-0000-0000-000000000004'),
  ('b1000001-0000-0000-0000-000000000027', 'c0000010-0000-0000-0000-000000000001'),
  ('b1000001-0000-0000-0000-000000000027', 'c0000010-0000-0000-0000-000000000002'),
  ('b1000001-0000-0000-0000-000000000027', 'c0000012-0000-0000-0000-000000000005'),
  ('b1000001-0000-0000-0000-000000000027', 'c0000010-0000-0000-0000-000000000005'),
  ('b1000001-0000-0000-0000-000000000027', 'c0000010-0000-0000-0000-000000000003'),
  ('b1000001-0000-0000-0000-000000000027', 'c0000010-0000-0000-0000-000000000004'),
  ('b1000001-0000-0000-0000-000000000027', 'c0000010-0000-0000-0000-000000000006'),
  ('b1000001-0000-0000-0000-000000000029', 'c0000012-0000-0000-0000-000000000004'),
  ('b1000001-0000-0000-0000-000000000029', 'c0000012-0000-0000-0000-000000000002'),
  ('b1000001-0000-0000-0000-000000000029', 'c0000012-0000-0000-0000-000000000001'),
  ('b1000001-0000-0000-0000-000000000029', 'c0000011-0000-0000-0000-000000000001'),
  ('b1000001-0000-0000-0000-000000000029', 'c0000011-0000-0000-0000-000000000003'),
  ('b1000001-0000-0000-0000-000000000029', 'c0000012-0000-0000-0000-000000000003'),
  ('b1000001-0000-0000-0000-000000000030', 'c0000011-0000-0000-0000-000000000001'),
  ('b1000001-0000-0000-0000-000000000030', 'c0000011-0000-0000-0000-000000000003'),
  ('b1000001-0000-0000-0000-000000000030', 'c0000012-0000-0000-0000-000000000002'),
  ('b1000001-0000-0000-0000-000000000030', 'c0000012-0000-0000-0000-000000000003'),
  ('b1000001-0000-0000-0000-000000000030', 'c0000011-0000-0000-0000-000000000004'),
  ('b1000001-0000-0000-0000-000000000030', 'c0000012-0000-0000-0000-000000000001'),
  ('b1000001-0000-0000-0000-000000000030', 'c0000011-0000-0000-0000-000000000002'),
  ('b1000001-0000-0000-0000-000000000030', 'c0000011-0000-0000-0000-000000000005'),
  ('b1000001-0000-0000-0000-000000000031', 'c0000010-0000-0000-0000-000000000002'),
  ('b1000001-0000-0000-0000-000000000031', 'c0000010-0000-0000-0000-000000000004'),
  ('b1000001-0000-0000-0000-000000000031', 'c0000010-0000-0000-0000-000000000006'),
  ('b1000001-0000-0000-0000-000000000031', 'c0000010-0000-0000-0000-000000000003'),
  ('b1000001-0000-0000-0000-000000000031', 'c0000012-0000-0000-0000-000000000004'),
  ('b1000001-0000-0000-0000-000000000031', 'c0000010-0000-0000-0000-000000000001'),
  ('b1000001-0000-0000-0000-000000000031', 'c0000012-0000-0000-0000-000000000005'),
  ('b1000001-0000-0000-0000-000000000031', 'c0000010-0000-0000-0000-000000000005'),
  ('b1000001-0000-0000-0000-000000000032', 'c0000011-0000-0000-0000-000000000004'),
  ('b1000001-0000-0000-0000-000000000032', 'c0000011-0000-0000-0000-000000000001'),
  ('b1000001-0000-0000-0000-000000000032', 'c0000011-0000-0000-0000-000000000002'),
  ('b1000001-0000-0000-0000-000000000032', 'c0000011-0000-0000-0000-000000000003'),
  ('b1000001-0000-0000-0000-000000000032', 'c0000011-0000-0000-0000-000000000005'),
  ('b1000001-0000-0000-0000-000000000033', 'c0000010-0000-0000-0000-000000000003'),
  ('b1000001-0000-0000-0000-000000000033', 'c0000010-0000-0000-0000-000000000004'),
  ('b1000001-0000-0000-0000-000000000033', 'c0000011-0000-0000-0000-000000000006'),
  ('b1000001-0000-0000-0000-000000000033', 'c0000012-0000-0000-0000-000000000006'),
  ('b1000001-0000-0000-0000-000000000034', 'c0000012-0000-0000-0000-000000000006'),
  ('b1000001-0000-0000-0000-000000000034', 'c0000011-0000-0000-0000-000000000006'),
  ('b1000001-0000-0000-0000-000000000034', 'c0000010-0000-0000-0000-000000000005'),
  ('b1000001-0000-0000-0000-000000000034', 'c0000010-0000-0000-0000-000000000006'),
  ('b1000001-0000-0000-0000-000000000034', 'c0000012-0000-0000-0000-000000000003'),
  ('b1000001-0000-0000-0000-000000000034', 'c0000012-0000-0000-0000-000000000004'),
  ('b1000001-0000-0000-0000-000000000035', 'c0000012-0000-0000-0000-000000000006'),
  ('b1000001-0000-0000-0000-000000000035', 'c0000012-0000-0000-0000-000000000001'),
  ('b1000001-0000-0000-0000-000000000035', 'c0000011-0000-0000-0000-000000000006'),
  ('b1000001-0000-0000-0000-000000000035', 'c0000012-0000-0000-0000-000000000002'),
  ('b1000001-0000-0000-0000-000000000035', 'c0000012-0000-0000-0000-000000000005'),
  ('b1000001-0000-0000-0000-000000000036', 'c0000012-0000-0000-0000-000000000003'),
  ('b1000001-0000-0000-0000-000000000036', 'c0000012-0000-0000-0000-000000000006'),
  ('b1000001-0000-0000-0000-000000000036', 'c0000012-0000-0000-0000-000000000002'),
  ('b1000001-0000-0000-0000-000000000036', 'c0000012-0000-0000-0000-000000000001'),
  ('b1000001-0000-0000-0000-000000000036', 'c0000012-0000-0000-0000-000000000005'),
  ('b1000001-0000-0000-0000-000000000036', 'c0000012-0000-0000-0000-000000000004'),
  ('b1000001-0000-0000-0000-000000000036', 'c0000011-0000-0000-0000-000000000005'),
  ('b1000001-0000-0000-0000-000000000036', 'c0000011-0000-0000-0000-000000000004'),
  ('b1000001-0000-0000-0000-000000000036', 'c0000011-0000-0000-0000-000000000002'),
  ('b1000001-0000-0000-0000-000000000036', 'c0000011-0000-0000-0000-000000000001'),
  ('b1000001-0000-0000-0000-000000000036', 'c0000011-0000-0000-0000-000000000006'),
  ('b1000001-0000-0000-0000-000000000036', 'c0000011-0000-0000-0000-000000000003'),
  ('b1000001-0000-0000-0000-000000000037', 'c0000010-0000-0000-0000-000000000001'),
  ('b1000001-0000-0000-0000-000000000037', 'c0000010-0000-0000-0000-000000000003'),
  ('b1000001-0000-0000-0000-000000000037', 'c0000010-0000-0000-0000-000000000004'),
  ('b1000001-0000-0000-0000-000000000037', 'c0000010-0000-0000-0000-000000000005'),
  ('b1000001-0000-0000-0000-000000000037', 'c0000010-0000-0000-0000-000000000002'),
  ('b1000001-0000-0000-0000-000000000037', 'c0000010-0000-0000-0000-000000000006')
ON CONFLICT (teacher_id, class_id) DO NOTHING;

-- Step 3: Timetable (auto-generated distribution)
INSERT INTO public.timetable (id, class_id, subject_id, teacher_id, day_of_week, period_number, start_time, end_time)
VALUES
  ('670e4398-39cc-81d1-7fe7-acb2a7140d37', 'c0000012-0000-0000-0000-000000000001', 'a1000001-0000-0000-0000-000000000001', 'b1000001-0000-0000-0000-000000000001', 0, 1, '07:30', '08:15'),
  ('abe885a2-8465-16c5-4ece-117f4a0eca42', 'c0000012-0000-0000-0000-000000000001', 'a1000001-0000-0000-0000-000000000001', 'b1000001-0000-0000-0000-000000000001', 1, 1, '07:30', '08:15'),
  ('34f4eaa8-64b7-1cd7-917a-e6ff0a3a4ccf', 'c0000012-0000-0000-0000-000000000001', 'a1000001-0000-0000-0000-000000000001', 'b1000001-0000-0000-0000-000000000001', 2, 1, '07:30', '08:15'),
  ('5ca8ec22-93fd-7674-01ab-361b7d4edcbe', 'c0000012-0000-0000-0000-000000000002', 'a1000001-0000-0000-0000-000000000001', 'b1000001-0000-0000-0000-000000000001', 2, 2, '08:20', '09:05'),
  ('7ec86b71-b730-6879-8ef6-b7a935d141c1', 'c0000012-0000-0000-0000-000000000002', 'a1000001-0000-0000-0000-000000000001', 'b1000001-0000-0000-0000-000000000001', 3, 2, '08:20', '09:05'),
  ('a5893b79-424a-98e6-8512-4690dcca406d', 'c0000012-0000-0000-0000-000000000002', 'a1000001-0000-0000-0000-000000000001', 'b1000001-0000-0000-0000-000000000001', 4, 2, '08:20', '09:05'),
  ('2e96b3db-8d37-c1ad-0bf8-1bab69c41d1b', 'c0000012-0000-0000-0000-000000000003', 'a1000001-0000-0000-0000-000000000001', 'b1000001-0000-0000-0000-000000000001', 4, 3, '09:15', '10:00'),
  ('74503af2-23c9-1250-131a-6e6071be8f67', 'c0000012-0000-0000-0000-000000000003', 'a1000001-0000-0000-0000-000000000001', 'b1000001-0000-0000-0000-000000000001', 0, 3, '09:15', '10:00'),
  ('fa9b334c-5c22-59d7-1ad7-d4cc0d6cb46e', 'c0000012-0000-0000-0000-000000000003', 'a1000001-0000-0000-0000-000000000001', 'b1000001-0000-0000-0000-000000000001', 1, 3, '09:15', '10:00'),
  ('5c9aa008-f14e-deaf-0341-d9fe2d40feeb', 'c0000011-0000-0000-0000-000000000003', 'a1000001-0000-0000-0000-000000000001', 'b1000001-0000-0000-0000-000000000001', 1, 4, '10:05', '10:50'),
  ('a584dd4d-caba-597e-4490-fffa42056105', 'c0000011-0000-0000-0000-000000000003', 'a1000001-0000-0000-0000-000000000001', 'b1000001-0000-0000-0000-000000000001', 2, 4, '10:05', '10:50'),
  ('bd66b8f9-0b63-47ae-e126-f14fc15bddf5', 'c0000011-0000-0000-0000-000000000003', 'a1000001-0000-0000-0000-000000000001', 'b1000001-0000-0000-0000-000000000001', 3, 4, '10:05', '10:50'),
  ('bf071e22-5fc8-8a75-741c-34555bf4b551', 'c0000010-0000-0000-0000-000000000005', 'a1000001-0000-0000-0000-000000000001', 'b1000001-0000-0000-0000-000000000002', 0, 1, '07:30', '08:15'),
  ('2ca1da9b-afd2-a61a-cb8a-e55c6442ce17', 'c0000010-0000-0000-0000-000000000005', 'a1000001-0000-0000-0000-000000000001', 'b1000001-0000-0000-0000-000000000002', 1, 1, '07:30', '08:15'),
  ('27d06758-523f-7b41-96ea-e0cf1cfeb1f0', 'c0000010-0000-0000-0000-000000000005', 'a1000001-0000-0000-0000-000000000001', 'b1000001-0000-0000-0000-000000000002', 2, 1, '07:30', '08:15'),
  ('abcdd497-6a8b-1e8a-8651-b377d864425f', 'c0000010-0000-0000-0000-000000000006', 'a1000001-0000-0000-0000-000000000001', 'b1000001-0000-0000-0000-000000000002', 2, 2, '08:20', '09:05'),
  ('4474f944-158f-f263-ee5f-c6d3c758aec8', 'c0000010-0000-0000-0000-000000000006', 'a1000001-0000-0000-0000-000000000001', 'b1000001-0000-0000-0000-000000000002', 3, 2, '08:20', '09:05'),
  ('645a0ae4-9f0e-46c3-b697-a188ae0770a1', 'c0000010-0000-0000-0000-000000000006', 'a1000001-0000-0000-0000-000000000001', 'b1000001-0000-0000-0000-000000000002', 4, 2, '08:20', '09:05'),
  ('58766226-aaeb-0cc3-f9c2-9a9af6d91481', 'c0000010-0000-0000-0000-000000000004', 'a1000001-0000-0000-0000-000000000001', 'b1000001-0000-0000-0000-000000000002', 4, 3, '09:15', '10:00'),
  ('4a7a89dc-c725-7b5d-fc86-efb3d47fde6e', 'c0000010-0000-0000-0000-000000000004', 'a1000001-0000-0000-0000-000000000001', 'b1000001-0000-0000-0000-000000000002', 0, 3, '09:15', '10:00'),
  ('e32c2a17-dbcd-4ef1-90b8-0ef1712772d1', 'c0000010-0000-0000-0000-000000000004', 'a1000001-0000-0000-0000-000000000001', 'b1000001-0000-0000-0000-000000000002', 1, 3, '09:15', '10:00'),
  ('644ac80c-e45d-a9df-8e80-07c8491e505b', 'c0000010-0000-0000-0000-000000000003', 'a1000001-0000-0000-0000-000000000001', 'b1000001-0000-0000-0000-000000000002', 1, 4, '10:05', '10:50'),
  ('8f2bef62-d95b-055f-5a55-c2d1bd78e51c', 'c0000010-0000-0000-0000-000000000003', 'a1000001-0000-0000-0000-000000000001', 'b1000001-0000-0000-0000-000000000002', 2, 4, '10:05', '10:50'),
  ('32793c02-c999-649f-be2f-1ee4d8e3a19c', 'c0000010-0000-0000-0000-000000000003', 'a1000001-0000-0000-0000-000000000001', 'b1000001-0000-0000-0000-000000000002', 3, 4, '10:05', '10:50'),
  ('3a04ba78-3d18-db54-c217-19c3eb77c077', 'c0000011-0000-0000-0000-000000000006', 'a1000001-0000-0000-0000-000000000001', 'b1000001-0000-0000-0000-000000000002', 3, 1, '07:30', '08:15'),
  ('6cc6333b-2a79-50d9-adfd-e0f02fc04c10', 'c0000011-0000-0000-0000-000000000006', 'a1000001-0000-0000-0000-000000000001', 'b1000001-0000-0000-0000-000000000002', 4, 1, '07:30', '08:15'),
  ('157baa7a-1ab5-6f9d-80f2-caf71a3be852', 'c0000011-0000-0000-0000-000000000006', 'a1000001-0000-0000-0000-000000000001', 'b1000001-0000-0000-0000-000000000002', 0, 2, '08:20', '09:05'),
  ('6dad7556-4044-80ab-3217-f9c5c109d86c', 'c0000011-0000-0000-0000-000000000004', 'a1000001-0000-0000-0000-000000000001', 'b1000001-0000-0000-0000-000000000002', 1, 2, '08:20', '09:05'),
  ('3d4545f0-6afb-1052-50f2-a0c29b8bdeff', 'c0000011-0000-0000-0000-000000000004', 'a1000001-0000-0000-0000-000000000001', 'b1000001-0000-0000-0000-000000000002', 2, 3, '09:15', '10:00'),
  ('04a76d0a-23de-db6f-a7e8-75b6ca4c2955', 'c0000011-0000-0000-0000-000000000004', 'a1000001-0000-0000-0000-000000000001', 'b1000001-0000-0000-0000-000000000002', 3, 3, '09:15', '10:00'),
  ('7b7c4eb3-bbf3-c6c0-159f-d8a75192493d', 'c0000012-0000-0000-0000-000000000006', 'a1000001-0000-0000-0000-000000000001', 'b1000001-0000-0000-0000-000000000003', 0, 1, '07:30', '08:15'),
  ('40e59f51-c9d7-cffd-8b59-91ef6be6acd2', 'c0000012-0000-0000-0000-000000000006', 'a1000001-0000-0000-0000-000000000001', 'b1000001-0000-0000-0000-000000000003', 1, 1, '07:30', '08:15'),
  ('3da9d5f0-f9ad-140d-f6ca-49f3d8969140', 'c0000012-0000-0000-0000-000000000006', 'a1000001-0000-0000-0000-000000000001', 'b1000001-0000-0000-0000-000000000003', 2, 1, '07:30', '08:15'),
  ('63e97fd9-d359-78cd-2034-48e50f5d917f', 'c0000011-0000-0000-0000-000000000002', 'a1000001-0000-0000-0000-000000000001', 'b1000001-0000-0000-0000-000000000003', 2, 2, '08:20', '09:05'),
  ('a8a20d4f-775c-13c4-43d1-1ad4e66aca95', 'c0000011-0000-0000-0000-000000000002', 'a1000001-0000-0000-0000-000000000001', 'b1000001-0000-0000-0000-000000000003', 3, 2, '08:20', '09:05'),
  ('82452dd8-70e2-0a62-7e30-5689af723acc', 'c0000011-0000-0000-0000-000000000002', 'a1000001-0000-0000-0000-000000000001', 'b1000001-0000-0000-0000-000000000003', 4, 2, '08:20', '09:05'),
  ('21972938-1e32-f1ed-7666-9c436b7b433d', 'c0000011-0000-0000-0000-000000000005', 'a1000001-0000-0000-0000-000000000001', 'b1000001-0000-0000-0000-000000000003', 4, 3, '09:15', '10:00'),
  ('b3a739ef-8091-ce2e-a2a1-34e90772827e', 'c0000011-0000-0000-0000-000000000005', 'a1000001-0000-0000-0000-000000000001', 'b1000001-0000-0000-0000-000000000003', 0, 3, '09:15', '10:00'),
  ('047f02c6-5e8e-d0cb-a4f6-b82265add8c0', 'c0000011-0000-0000-0000-000000000005', 'a1000001-0000-0000-0000-000000000001', 'b1000001-0000-0000-0000-000000000003', 1, 3, '09:15', '10:00'),
  ('c4ba6037-1f62-efe6-c4a0-29be9ce2c3ea', 'c0000012-0000-0000-0000-000000000004', 'a1000001-0000-0000-0000-000000000001', 'b1000001-0000-0000-0000-000000000003', 1, 4, '10:05', '10:50'),
  ('6815fa9c-e069-a0b3-021f-dd3f9854bea9', 'c0000012-0000-0000-0000-000000000004', 'a1000001-0000-0000-0000-000000000001', 'b1000001-0000-0000-0000-000000000003', 2, 4, '10:05', '10:50'),
  ('0929716e-4516-f522-4d95-d3d3ca8b72e6', 'c0000012-0000-0000-0000-000000000004', 'a1000001-0000-0000-0000-000000000001', 'b1000001-0000-0000-0000-000000000003', 3, 4, '10:05', '10:50'),
  ('29a29a4f-8950-164d-8ae8-7d41020b0aab', 'c0000012-0000-0000-0000-000000000005', 'a1000001-0000-0000-0000-000000000001', 'b1000001-0000-0000-0000-000000000003', 3, 1, '07:30', '08:15'),
  ('17b25ee0-6c44-512c-ce48-aa667347fcfe', 'c0000012-0000-0000-0000-000000000005', 'a1000001-0000-0000-0000-000000000001', 'b1000001-0000-0000-0000-000000000003', 4, 1, '07:30', '08:15'),
  ('cbeee8b7-084f-0e5c-e0ca-b3cc28badb67', 'c0000012-0000-0000-0000-000000000005', 'a1000001-0000-0000-0000-000000000001', 'b1000001-0000-0000-0000-000000000003', 0, 2, '08:20', '09:05'),
  ('8500b2d9-e132-0e93-aaa2-5ca8f530035e', 'c0000011-0000-0000-0000-000000000001', 'a1000001-0000-0000-0000-000000000001', 'b1000001-0000-0000-0000-000000000003', 1, 2, '08:20', '09:05'),
  ('4604c0d4-bd8a-6640-f8d5-2fc1006de706', 'c0000011-0000-0000-0000-000000000001', 'a1000001-0000-0000-0000-000000000001', 'b1000001-0000-0000-0000-000000000003', 2, 3, '09:15', '10:00'),
  ('61c4ac03-3372-3d83-9638-b251239a8349', 'c0000011-0000-0000-0000-000000000001', 'a1000001-0000-0000-0000-000000000001', 'b1000001-0000-0000-0000-000000000003', 3, 3, '09:15', '10:00'),
  ('08641843-385d-ee5f-99d0-e4dbb8bfaf58', 'c0000010-0000-0000-0000-000000000001', 'a1000001-0000-0000-0000-000000000001', 'b1000001-0000-0000-0000-000000000004', 0, 1, '07:30', '08:15'),
  ('0a95f90a-9ac2-a6ae-90b5-0065decc6f9d', 'c0000010-0000-0000-0000-000000000001', 'a1000001-0000-0000-0000-000000000001', 'b1000001-0000-0000-0000-000000000004', 1, 1, '07:30', '08:15'),
  ('fc4366c8-1277-c710-d310-b3fcb82c90ee', 'c0000010-0000-0000-0000-000000000001', 'a1000001-0000-0000-0000-000000000001', 'b1000001-0000-0000-0000-000000000004', 2, 1, '07:30', '08:15'),
  ('f2279b3f-c99c-a3a2-d5da-bb253da7176c', 'c0000010-0000-0000-0000-000000000002', 'a1000001-0000-0000-0000-000000000001', 'b1000001-0000-0000-0000-000000000004', 2, 2, '08:20', '09:05'),
  ('8c34327d-7ad2-f257-fdd6-660a8d82e921', 'c0000010-0000-0000-0000-000000000002', 'a1000001-0000-0000-0000-000000000001', 'b1000001-0000-0000-0000-000000000004', 3, 2, '08:20', '09:05'),
  ('cfbf73f9-2846-dc16-60d1-a22b65417723', 'c0000010-0000-0000-0000-000000000002', 'a1000001-0000-0000-0000-000000000001', 'b1000001-0000-0000-0000-000000000004', 4, 2, '08:20', '09:05'),
  ('650f9bb3-4a87-781a-94fe-0dc031d90689', 'c0000012-0000-0000-0000-000000000003', 'a1000001-0000-0000-0000-000000000002', 'b1000001-0000-0000-0000-000000000005', 0, 1, '07:30', '08:15'),
  ('7611fed8-f4a7-b601-8138-d4f605275d65', 'c0000012-0000-0000-0000-000000000003', 'a1000001-0000-0000-0000-000000000002', 'b1000001-0000-0000-0000-000000000005', 1, 1, '07:30', '08:15'),
  ('3433c91b-25dc-877d-f03d-b3a37deeeaeb', 'c0000012-0000-0000-0000-000000000003', 'a1000001-0000-0000-0000-000000000002', 'b1000001-0000-0000-0000-000000000005', 2, 1, '07:30', '08:15'),
  ('e579c405-4529-f365-1dd5-2eae37df69df', 'c0000012-0000-0000-0000-000000000003', 'a1000001-0000-0000-0000-000000000002', 'b1000001-0000-0000-0000-000000000005', 3, 1, '07:30', '08:15'),
  ('38ff5dd3-3d43-f3b9-ea0b-cbfc5e5bfa96', 'c0000011-0000-0000-0000-000000000002', 'a1000001-0000-0000-0000-000000000002', 'b1000001-0000-0000-0000-000000000005', 0, 2, '08:20', '09:05'),
  ('e4964fcf-8e4e-58ec-bef4-d31c54625b50', 'c0000011-0000-0000-0000-000000000002', 'a1000001-0000-0000-0000-000000000002', 'b1000001-0000-0000-0000-000000000005', 1, 2, '08:20', '09:05'),
  ('af9cc799-8ea0-3415-52ab-3fde468b60e4', 'c0000011-0000-0000-0000-000000000002', 'a1000001-0000-0000-0000-000000000002', 'b1000001-0000-0000-0000-000000000005', 2, 3, '09:15', '10:00'),
  ('014402ff-51b4-ef1b-f050-677694eb188d', 'c0000011-0000-0000-0000-000000000002', 'a1000001-0000-0000-0000-000000000002', 'b1000001-0000-0000-0000-000000000005', 3, 3, '09:15', '10:00'),
  ('5c1652e6-3478-696c-3e08-c502b25dfa8a', 'c0000011-0000-0000-0000-000000000001', 'a1000001-0000-0000-0000-000000000002', 'b1000001-0000-0000-0000-000000000005', 4, 3, '09:15', '10:00'),
  ('9d33e2c1-5c3b-201d-6395-c5851e7b1565', 'c0000011-0000-0000-0000-000000000001', 'a1000001-0000-0000-0000-000000000002', 'b1000001-0000-0000-0000-000000000005', 0, 3, '09:15', '10:00'),
  ('e9969f89-cb66-8d67-6901-0d3555095402', 'c0000011-0000-0000-0000-000000000001', 'a1000001-0000-0000-0000-000000000002', 'b1000001-0000-0000-0000-000000000005', 1, 3, '09:15', '10:00'),
  ('271c48b9-1a16-d1df-5ddc-76661faa02dd', 'c0000011-0000-0000-0000-000000000001', 'a1000001-0000-0000-0000-000000000002', 'b1000001-0000-0000-0000-000000000005', 4, 4, '10:05', '10:50'),
  ('59fbecbb-88ca-278d-39b8-a355d3b1e630', 'c0000010-0000-0000-0000-000000000005', 'a1000001-0000-0000-0000-000000000002', 'b1000001-0000-0000-0000-000000000006', 3, 1, '07:30', '08:15'),
  ('6048dc3b-a1fa-e387-e799-91280a173319', 'c0000010-0000-0000-0000-000000000005', 'a1000001-0000-0000-0000-000000000002', 'b1000001-0000-0000-0000-000000000006', 4, 1, '07:30', '08:15'),
  ('0fd8d143-4c7f-66d6-0c09-d5330a26b470', 'c0000010-0000-0000-0000-000000000005', 'a1000001-0000-0000-0000-000000000002', 'b1000001-0000-0000-0000-000000000006', 0, 2, '08:20', '09:05'),
  ('c4f60cd1-b018-f721-f11e-e04d6cbd6776', 'c0000010-0000-0000-0000-000000000005', 'a1000001-0000-0000-0000-000000000002', 'b1000001-0000-0000-0000-000000000006', 1, 2, '08:20', '09:05'),
  ('a46d231f-9319-97f9-e64b-62b4ce9008d6', 'c0000010-0000-0000-0000-000000000006', 'a1000001-0000-0000-0000-000000000002', 'b1000001-0000-0000-0000-000000000006', 2, 3, '09:15', '10:00'),
  ('9e781b48-0de8-5804-1a7c-e8b22906470f', 'c0000010-0000-0000-0000-000000000006', 'a1000001-0000-0000-0000-000000000002', 'b1000001-0000-0000-0000-000000000006', 3, 3, '09:15', '10:00'),
  ('57da3f5f-cc63-fe84-73be-74f186729488', 'c0000010-0000-0000-0000-000000000006', 'a1000001-0000-0000-0000-000000000002', 'b1000001-0000-0000-0000-000000000006', 4, 3, '09:15', '10:00'),
  ('61142085-6fed-0f9e-848d-f5af1c371a56', 'c0000010-0000-0000-0000-000000000006', 'a1000001-0000-0000-0000-000000000002', 'b1000001-0000-0000-0000-000000000006', 0, 3, '09:15', '10:00'),
  ('3c07c534-2f36-4287-5a69-3cd8101a6460', 'c0000011-0000-0000-0000-000000000004', 'a1000001-0000-0000-0000-000000000002', 'b1000001-0000-0000-0000-000000000006', 1, 3, '09:15', '10:00'),
  ('f99e4483-733b-baef-6e15-0d70e577c67e', 'c0000011-0000-0000-0000-000000000004', 'a1000001-0000-0000-0000-000000000002', 'b1000001-0000-0000-0000-000000000006', 4, 4, '10:05', '10:50'),
  ('da6398e5-bf2c-864a-9f43-21291155c080', 'c0000011-0000-0000-0000-000000000004', 'a1000001-0000-0000-0000-000000000002', 'b1000001-0000-0000-0000-000000000006', 0, 4, '10:05', '10:50'),
  ('67fc82b1-b813-8490-6b9b-280012e29de5', 'c0000011-0000-0000-0000-000000000004', 'a1000001-0000-0000-0000-000000000002', 'b1000001-0000-0000-0000-000000000006', 1, 4, '10:05', '10:50'),
  ('35ae556b-a3ff-6795-6712-97d0b6fb87d1', 'c0000011-0000-0000-0000-000000000005', 'a1000001-0000-0000-0000-000000000002', 'b1000001-0000-0000-0000-000000000007', 0, 1, '07:30', '08:15'),
  ('6342a205-c739-adfa-9bbe-f84dd16e1136', 'c0000011-0000-0000-0000-000000000005', 'a1000001-0000-0000-0000-000000000002', 'b1000001-0000-0000-0000-000000000007', 1, 1, '07:30', '08:15'),
  ('621e06e8-9977-b627-7162-f3f0a667914e', 'c0000011-0000-0000-0000-000000000005', 'a1000001-0000-0000-0000-000000000002', 'b1000001-0000-0000-0000-000000000007', 2, 1, '07:30', '08:15'),
  ('878120cd-0bc1-6560-5809-00e7fb8cd684', 'c0000011-0000-0000-0000-000000000005', 'a1000001-0000-0000-0000-000000000002', 'b1000001-0000-0000-0000-000000000007', 3, 1, '07:30', '08:15'),
  ('f5558644-5e15-36ad-c1d7-adafec890571', 'c0000012-0000-0000-0000-000000000006', 'a1000001-0000-0000-0000-000000000002', 'b1000001-0000-0000-0000-000000000007', 2, 2, '08:20', '09:05'),
  ('bf9de7aa-4219-e31d-fc5c-933b36c54983', 'c0000012-0000-0000-0000-000000000006', 'a1000001-0000-0000-0000-000000000002', 'b1000001-0000-0000-0000-000000000007', 3, 2, '08:20', '09:05'),
  ('3caa4b60-b178-5e40-5bb4-ff0964d4390d', 'c0000012-0000-0000-0000-000000000006', 'a1000001-0000-0000-0000-000000000002', 'b1000001-0000-0000-0000-000000000007', 4, 2, '08:20', '09:05'),
  ('39e58e50-efc1-2745-8cbc-b25eda530051', 'c0000012-0000-0000-0000-000000000006', 'a1000001-0000-0000-0000-000000000002', 'b1000001-0000-0000-0000-000000000007', 0, 2, '08:20', '09:05'),
  ('21ec91f5-0b06-2651-4281-83d9e226dc69', 'c0000011-0000-0000-0000-000000000003', 'a1000001-0000-0000-0000-000000000002', 'b1000001-0000-0000-0000-000000000007', 4, 3, '09:15', '10:00'),
  ('e2ff27a5-272c-a095-b1d5-1bd3306d5fc0', 'c0000011-0000-0000-0000-000000000003', 'a1000001-0000-0000-0000-000000000002', 'b1000001-0000-0000-0000-000000000007', 0, 3, '09:15', '10:00'),
  ('ce88da86-8b76-f9c4-8b64-fe8a9cfaa789', 'c0000011-0000-0000-0000-000000000003', 'a1000001-0000-0000-0000-000000000002', 'b1000001-0000-0000-0000-000000000007', 1, 3, '09:15', '10:00'),
  ('db6bf5ab-4dcc-3c2d-2179-61e76e17f24c', 'c0000011-0000-0000-0000-000000000003', 'a1000001-0000-0000-0000-000000000002', 'b1000001-0000-0000-0000-000000000007', 2, 3, '09:15', '10:00'),
  ('464cbab2-35c0-6b87-cc0f-3cdd726d9f76', 'c0000010-0000-0000-0000-000000000002', 'a1000001-0000-0000-0000-000000000002', 'b1000001-0000-0000-0000-000000000008', 0, 1, '07:30', '08:15'),
  ('b398252c-6fb5-f389-65eb-5e1a7a57f5e5', 'c0000010-0000-0000-0000-000000000002', 'a1000001-0000-0000-0000-000000000002', 'b1000001-0000-0000-0000-000000000008', 1, 1, '07:30', '08:15'),
  ('9b9f6ccd-c08c-3c69-b6f5-f2a9985b3b73', 'c0000010-0000-0000-0000-000000000002', 'a1000001-0000-0000-0000-000000000002', 'b1000001-0000-0000-0000-000000000008', 2, 1, '07:30', '08:15'),
  ('eb261ff8-ab54-7688-0b33-dcef5833c9d8', 'c0000010-0000-0000-0000-000000000002', 'a1000001-0000-0000-0000-000000000002', 'b1000001-0000-0000-0000-000000000008', 3, 1, '07:30', '08:15'),
  ('34a5d959-26c8-5032-e988-da434a9b9cfe', 'c0000010-0000-0000-0000-000000000003', 'a1000001-0000-0000-0000-000000000002', 'b1000001-0000-0000-0000-000000000008', 2, 2, '08:20', '09:05'),
  ('a8da49b4-7493-d903-725f-6c843c478d7f', 'c0000010-0000-0000-0000-000000000003', 'a1000001-0000-0000-0000-000000000002', 'b1000001-0000-0000-0000-000000000008', 3, 2, '08:20', '09:05'),
  ('6df7a1a9-d629-ff7f-49b5-e6b10b7d94d3', 'c0000010-0000-0000-0000-000000000003', 'a1000001-0000-0000-0000-000000000002', 'b1000001-0000-0000-0000-000000000008', 4, 2, '08:20', '09:05'),
  ('b945d439-5864-1968-eca6-aa0ef7382f30', 'c0000010-0000-0000-0000-000000000003', 'a1000001-0000-0000-0000-000000000002', 'b1000001-0000-0000-0000-000000000008', 0, 2, '08:20', '09:05'),
  ('15ceb53f-a0cb-f1ea-8234-279e8e1d1135', 'c0000010-0000-0000-0000-000000000004', 'a1000001-0000-0000-0000-000000000002', 'b1000001-0000-0000-0000-000000000008', 2, 3, '09:15', '10:00'),
  ('fbf4b115-b859-e3bd-dd34-74b8c35a287b', 'c0000010-0000-0000-0000-000000000004', 'a1000001-0000-0000-0000-000000000002', 'b1000001-0000-0000-0000-000000000008', 3, 3, '09:15', '10:00'),
  ('ec55bcba-d05c-dec8-1ee9-1c85771c1246', 'c0000010-0000-0000-0000-000000000004', 'a1000001-0000-0000-0000-000000000002', 'b1000001-0000-0000-0000-000000000008', 4, 4, '10:05', '10:50'),
  ('a4aa5795-6143-93b0-b8d0-4f359fbcf46e', 'c0000010-0000-0000-0000-000000000004', 'a1000001-0000-0000-0000-000000000002', 'b1000001-0000-0000-0000-000000000008', 0, 4, '10:05', '10:50'),
  ('9d432e50-9318-fb58-685a-23c26d3e90ec', 'c0000012-0000-0000-0000-000000000005', 'a1000001-0000-0000-0000-000000000002', 'b1000001-0000-0000-0000-000000000010', 0, 1, '07:30', '08:15'),
  ('415bb356-3323-c257-ce6e-a9a1d7720393', 'c0000012-0000-0000-0000-000000000005', 'a1000001-0000-0000-0000-000000000002', 'b1000001-0000-0000-0000-000000000010', 1, 1, '07:30', '08:15'),
  ('96435e4f-f2ee-bbe5-45e5-c078476f165f', 'c0000012-0000-0000-0000-000000000005', 'a1000001-0000-0000-0000-000000000002', 'b1000001-0000-0000-0000-000000000010', 2, 1, '07:30', '08:15'),
  ('301b7b39-7969-a799-4dce-635a7b8da454', 'c0000012-0000-0000-0000-000000000005', 'a1000001-0000-0000-0000-000000000002', 'b1000001-0000-0000-0000-000000000010', 1, 2, '08:20', '09:05'),
  ('f6d18295-4568-d35b-14e3-7377d045f69c', 'c0000011-0000-0000-0000-000000000006', 'a1000001-0000-0000-0000-000000000002', 'b1000001-0000-0000-0000-000000000010', 2, 2, '08:20', '09:05'),
  ('8f84f231-91dd-4cc9-83a5-a5dac9ef52d3', 'c0000011-0000-0000-0000-000000000006', 'a1000001-0000-0000-0000-000000000002', 'b1000001-0000-0000-0000-000000000010', 3, 2, '08:20', '09:05'),
  ('a69decdf-a0ef-a1c5-5c82-2b18b90bf922', 'c0000011-0000-0000-0000-000000000006', 'a1000001-0000-0000-0000-000000000002', 'b1000001-0000-0000-0000-000000000010', 4, 2, '08:20', '09:05'),
  ('e244276d-202b-23e0-3db3-3c1a81077de7', 'c0000011-0000-0000-0000-000000000006', 'a1000001-0000-0000-0000-000000000002', 'b1000001-0000-0000-0000-000000000010', 2, 3, '09:15', '10:00'),
  ('e27fc6dc-9379-16e3-7ed7-0a9418b8f6d7', 'c0000012-0000-0000-0000-000000000001', 'a1000001-0000-0000-0000-000000000002', 'b1000001-0000-0000-0000-000000000010', 4, 3, '09:15', '10:00'),
  ('b451f12b-d702-8a03-3174-39060d0ed88c', 'c0000012-0000-0000-0000-000000000001', 'a1000001-0000-0000-0000-000000000002', 'b1000001-0000-0000-0000-000000000010', 0, 3, '09:15', '10:00'),
  ('ab28c0aa-f9c5-5cf3-57f7-ed5cacf99a9f', 'c0000012-0000-0000-0000-000000000001', 'a1000001-0000-0000-0000-000000000002', 'b1000001-0000-0000-0000-000000000010', 1, 3, '09:15', '10:00'),
  ('9e0d5380-a72e-c6bf-809c-443de30fd536', 'c0000012-0000-0000-0000-000000000001', 'a1000001-0000-0000-0000-000000000002', 'b1000001-0000-0000-0000-000000000010', 3, 3, '09:15', '10:00'),
  ('4cbc1f4e-b3b6-9335-615b-aefd291e4c9d', 'c0000012-0000-0000-0000-000000000004', 'a1000001-0000-0000-0000-000000000002', 'b1000001-0000-0000-0000-000000000011', 0, 1, '07:30', '08:15'),
  ('f1525003-2e86-e7df-5274-27075614d4be', 'c0000012-0000-0000-0000-000000000004', 'a1000001-0000-0000-0000-000000000002', 'b1000001-0000-0000-0000-000000000011', 1, 1, '07:30', '08:15'),
  ('b1e21330-ade5-e1df-d26b-53b043e50a09', 'c0000012-0000-0000-0000-000000000004', 'a1000001-0000-0000-0000-000000000002', 'b1000001-0000-0000-0000-000000000011', 2, 1, '07:30', '08:15'),
  ('2c7a22eb-5729-35fc-7a03-dcff5ea1190f', 'c0000012-0000-0000-0000-000000000004', 'a1000001-0000-0000-0000-000000000002', 'b1000001-0000-0000-0000-000000000011', 3, 1, '07:30', '08:15'),
  ('ac3cf262-a935-fe88-e279-51bf82d89652', 'c0000012-0000-0000-0000-000000000002', 'a1000001-0000-0000-0000-000000000002', 'b1000001-0000-0000-0000-000000000011', 0, 2, '08:20', '09:05'),
  ('dbc19e25-1e49-33fd-28e1-52db33116ea4', 'c0000012-0000-0000-0000-000000000002', 'a1000001-0000-0000-0000-000000000002', 'b1000001-0000-0000-0000-000000000011', 1, 2, '08:20', '09:05'),
  ('bd7d4df4-14df-2220-ae2e-74b3a11ab82b', 'c0000012-0000-0000-0000-000000000002', 'a1000001-0000-0000-0000-000000000002', 'b1000001-0000-0000-0000-000000000011', 2, 3, '09:15', '10:00'),
  ('66af854e-9e00-7404-43fe-48ed693b2526', 'c0000012-0000-0000-0000-000000000002', 'a1000001-0000-0000-0000-000000000002', 'b1000001-0000-0000-0000-000000000011', 3, 3, '09:15', '10:00'),
  ('436f7a4e-ddcb-207a-a725-a3a6e5244252', 'c0000011-0000-0000-0000-000000000001', 'a1000001-0000-0000-0000-000000000002', 'b1000001-0000-0000-0000-000000000011', 0, 4, '10:05', '10:50'),
  ('026fd676-0d61-82fe-bb4e-4698f4f6f11f', 'c0000011-0000-0000-0000-000000000001', 'a1000001-0000-0000-0000-000000000002', 'b1000001-0000-0000-0000-000000000011', 1, 4, '10:05', '10:50'),
  ('2609f46c-e90f-34fd-658c-00d5b1e0e302', 'c0000011-0000-0000-0000-000000000001', 'a1000001-0000-0000-0000-000000000002', 'b1000001-0000-0000-0000-000000000011', 2, 4, '10:05', '10:50'),
  ('96880202-9405-5f55-fb4f-3508747812cf', 'c0000011-0000-0000-0000-000000000001', 'a1000001-0000-0000-0000-000000000002', 'b1000001-0000-0000-0000-000000000011', 3, 4, '10:05', '10:50'),
  ('f38d6b72-abdb-3097-f486-d71cefa5ae9e', 'c0000011-0000-0000-0000-000000000002', 'a1000001-0000-0000-0000-000000000003', 'b1000001-0000-0000-0000-000000000012', 0, 1, '07:30', '08:15'),
  ('57138d53-3299-e8cd-72ff-f96852c8b7a5', 'c0000011-0000-0000-0000-000000000002', 'a1000001-0000-0000-0000-000000000003', 'b1000001-0000-0000-0000-000000000012', 1, 1, '07:30', '08:15'),
  ('9b032a1a-be33-dc54-27c3-51792f4e3a99', 'c0000011-0000-0000-0000-000000000002', 'a1000001-0000-0000-0000-000000000003', 'b1000001-0000-0000-0000-000000000012', 2, 1, '07:30', '08:15'),
  ('ce1933c3-0457-08a2-2497-cfec1f623148', 'c0000011-0000-0000-0000-000000000002', 'a1000001-0000-0000-0000-000000000003', 'b1000001-0000-0000-0000-000000000012', 3, 1, '07:30', '08:15'),
  ('e834ee0d-5094-e1e9-e92f-5efab32c7fa2', 'c0000012-0000-0000-0000-000000000003', 'a1000001-0000-0000-0000-000000000003', 'b1000001-0000-0000-0000-000000000012', 2, 2, '08:20', '09:05'),
  ('859c0fef-4f9a-c2d5-e578-955d1b5f3445', 'c0000012-0000-0000-0000-000000000003', 'a1000001-0000-0000-0000-000000000003', 'b1000001-0000-0000-0000-000000000012', 3, 2, '08:20', '09:05'),
  ('f893e56f-1d59-d6ce-d95c-53be5a3678e0', 'c0000012-0000-0000-0000-000000000003', 'a1000001-0000-0000-0000-000000000003', 'b1000001-0000-0000-0000-000000000012', 4, 2, '08:20', '09:05'),
  ('aecd6b02-040b-cd1b-d4e0-8dd3531440a9', 'c0000012-0000-0000-0000-000000000003', 'a1000001-0000-0000-0000-000000000003', 'b1000001-0000-0000-0000-000000000012', 0, 2, '08:20', '09:05'),
  ('25de696c-e99c-0abf-0b58-04cadc2eb64c', 'c0000010-0000-0000-0000-000000000001', 'a1000001-0000-0000-0000-000000000003', 'b1000001-0000-0000-0000-000000000014', 3, 1, '07:30', '08:15'),
  ('4fa06e4d-94bc-8f4b-4b54-682049ea4ff4', 'c0000010-0000-0000-0000-000000000001', 'a1000001-0000-0000-0000-000000000003', 'b1000001-0000-0000-0000-000000000014', 4, 1, '07:30', '08:15'),
  ('06a1e687-4157-2038-774c-f38ceb44d61e', 'c0000010-0000-0000-0000-000000000001', 'a1000001-0000-0000-0000-000000000003', 'b1000001-0000-0000-0000-000000000014', 0, 2, '08:20', '09:05'),
  ('cc4ecc72-5c7e-728b-b89f-5bdf98d2e7cc', 'c0000010-0000-0000-0000-000000000001', 'a1000001-0000-0000-0000-000000000003', 'b1000001-0000-0000-0000-000000000014', 1, 2, '08:20', '09:05'),
  ('12bc5049-f9d1-8b5c-e9c7-7459abfc9641', 'c0000010-0000-0000-0000-000000000002', 'a1000001-0000-0000-0000-000000000003', 'b1000001-0000-0000-0000-000000000014', 2, 3, '09:15', '10:00'),
  ('4f04518f-80d2-164e-eca0-6e91f693f1fa', 'c0000010-0000-0000-0000-000000000002', 'a1000001-0000-0000-0000-000000000003', 'b1000001-0000-0000-0000-000000000014', 3, 3, '09:15', '10:00'),
  ('f9d56fcd-bf16-f3e5-f104-b76b10e346be', 'c0000010-0000-0000-0000-000000000002', 'a1000001-0000-0000-0000-000000000003', 'b1000001-0000-0000-0000-000000000014', 4, 3, '09:15', '10:00'),
  ('b4d0be16-24e7-cb1a-3e22-5a864ae557f2', 'c0000010-0000-0000-0000-000000000002', 'a1000001-0000-0000-0000-000000000003', 'b1000001-0000-0000-0000-000000000014', 0, 3, '09:15', '10:00'),
  ('0ceb1086-d117-53be-0201-8426a43e6a6c', 'c0000011-0000-0000-0000-000000000006', 'a1000001-0000-0000-0000-000000000003', 'b1000001-0000-0000-0000-000000000014', 1, 3, '09:15', '10:00'),
  ('cfd8728c-c046-38c7-ef31-da3fa2ab865c', 'c0000011-0000-0000-0000-000000000006', 'a1000001-0000-0000-0000-000000000003', 'b1000001-0000-0000-0000-000000000014', 4, 4, '10:05', '10:50'),
  ('d4da2f50-e587-7459-9c26-2286822ae179', 'c0000011-0000-0000-0000-000000000006', 'a1000001-0000-0000-0000-000000000003', 'b1000001-0000-0000-0000-000000000014', 0, 4, '10:05', '10:50'),
  ('e88ca765-241f-7788-e906-4ba7bd269be0', 'c0000011-0000-0000-0000-000000000006', 'a1000001-0000-0000-0000-000000000003', 'b1000001-0000-0000-0000-000000000014', 1, 4, '10:05', '10:50'),
  ('6380eae6-a2ca-b8f7-35bc-bb6471ac3d87', 'c0000010-0000-0000-0000-000000000003', 'a1000001-0000-0000-0000-000000000003', 'b1000001-0000-0000-0000-000000000014', 1, 5, '11:00', '11:45'),
  ('66e7622a-3232-79d0-2a48-75d6682aba28', 'c0000010-0000-0000-0000-000000000003', 'a1000001-0000-0000-0000-000000000003', 'b1000001-0000-0000-0000-000000000014', 2, 5, '11:00', '11:45'),
  ('64de6f83-0075-481f-9555-9269dd6a58f7', 'c0000010-0000-0000-0000-000000000003', 'a1000001-0000-0000-0000-000000000003', 'b1000001-0000-0000-0000-000000000014', 3, 5, '11:00', '11:45'),
  ('a3d4c2a7-7fa4-5b2d-e7dc-96f45a6173d5', 'c0000010-0000-0000-0000-000000000003', 'a1000001-0000-0000-0000-000000000003', 'b1000001-0000-0000-0000-000000000014', 4, 5, '11:00', '11:45'),
  ('179b0510-4402-7482-c2fa-9fbd87d27383', 'c0000012-0000-0000-0000-000000000004', 'a1000001-0000-0000-0000-000000000003', 'b1000001-0000-0000-0000-000000000015', 4, 1, '07:30', '08:15'),
  ('7b53f879-aa02-9929-9985-52f4cf937645', 'c0000012-0000-0000-0000-000000000004', 'a1000001-0000-0000-0000-000000000003', 'b1000001-0000-0000-0000-000000000015', 0, 2, '08:20', '09:05'),
  ('20d537d3-fd80-1555-c69c-3ce3852a7afa', 'c0000012-0000-0000-0000-000000000004', 'a1000001-0000-0000-0000-000000000003', 'b1000001-0000-0000-0000-000000000015', 1, 2, '08:20', '09:05'),
  ('4132b1ef-7f99-cf36-e65d-9fc5ba3121a4', 'c0000012-0000-0000-0000-000000000004', 'a1000001-0000-0000-0000-000000000003', 'b1000001-0000-0000-0000-000000000015', 2, 2, '08:20', '09:05'),
  ('af982dbf-ae11-46ec-d6c0-80448c862eeb', 'c0000011-0000-0000-0000-000000000005', 'a1000001-0000-0000-0000-000000000003', 'b1000001-0000-0000-0000-000000000015', 3, 2, '08:20', '09:05'),
  ('5f2f5f38-d14e-8c99-31a6-de8eda43bc0d', 'c0000011-0000-0000-0000-000000000005', 'a1000001-0000-0000-0000-000000000003', 'b1000001-0000-0000-0000-000000000015', 4, 2, '08:20', '09:05'),
  ('30746e4e-dec1-46a5-506f-bfdaeae02513', 'c0000011-0000-0000-0000-000000000005', 'a1000001-0000-0000-0000-000000000003', 'b1000001-0000-0000-0000-000000000015', 2, 3, '09:15', '10:00'),
  ('ff1fdcfa-d25e-bad0-0158-7ccdc1cf3c45', 'c0000011-0000-0000-0000-000000000005', 'a1000001-0000-0000-0000-000000000003', 'b1000001-0000-0000-0000-000000000015', 3, 3, '09:15', '10:00'),
  ('2d9c14a0-3c02-52d0-90fd-15adf1fc7b12', 'c0000011-0000-0000-0000-000000000001', 'a1000001-0000-0000-0000-000000000003', 'b1000001-0000-0000-0000-000000000015', 4, 5, '11:00', '11:45'),
  ('bb8e2048-38e3-cddd-79bb-4e34618356ee', 'c0000011-0000-0000-0000-000000000001', 'a1000001-0000-0000-0000-000000000003', 'b1000001-0000-0000-0000-000000000015', 0, 5, '11:00', '11:45'),
  ('4c038244-4323-eb51-200a-c4af7a9b126a', 'c0000011-0000-0000-0000-000000000001', 'a1000001-0000-0000-0000-000000000003', 'b1000001-0000-0000-0000-000000000015', 1, 5, '11:00', '11:45'),
  ('4bb69f5e-6251-36fa-e70f-98f4dc3d13e3', 'c0000011-0000-0000-0000-000000000001', 'a1000001-0000-0000-0000-000000000003', 'b1000001-0000-0000-0000-000000000015', 2, 5, '11:00', '11:45'),
  ('dffd1cb5-280d-bc0e-5e11-ff2ba0188de3', 'c0000012-0000-0000-0000-000000000001', 'a1000001-0000-0000-0000-000000000003', 'b1000001-0000-0000-0000-000000000015', 1, 4, '10:05', '10:50'),
  ('6551fad9-3a1a-0686-abd7-dd018c65eec5', 'c0000012-0000-0000-0000-000000000001', 'a1000001-0000-0000-0000-000000000003', 'b1000001-0000-0000-0000-000000000015', 2, 4, '10:05', '10:50'),
  ('b367a5cf-9d72-d56f-1f36-a8bd87cb7b4d', 'c0000012-0000-0000-0000-000000000001', 'a1000001-0000-0000-0000-000000000003', 'b1000001-0000-0000-0000-000000000015', 3, 4, '10:05', '10:50'),
  ('11c6e68c-b78e-d204-85ba-c7689ac13171', 'c0000012-0000-0000-0000-000000000001', 'a1000001-0000-0000-0000-000000000003', 'b1000001-0000-0000-0000-000000000015', 4, 4, '10:05', '10:50'),
  ('8d3cfa26-77ce-1eb5-9e63-faa4daed84d1', 'c0000010-0000-0000-0000-000000000006', 'a1000001-0000-0000-0000-000000000003', 'b1000001-0000-0000-0000-000000000016', 0, 1, '07:30', '08:15'),
  ('6ff95626-0c88-5a6c-9259-ab2e5a600096', 'c0000010-0000-0000-0000-000000000006', 'a1000001-0000-0000-0000-000000000003', 'b1000001-0000-0000-0000-000000000016', 1, 1, '07:30', '08:15'),
  ('9b64f3ca-34e7-5f22-8f72-fddf82ae674b', 'c0000010-0000-0000-0000-000000000006', 'a1000001-0000-0000-0000-000000000003', 'b1000001-0000-0000-0000-000000000016', 2, 1, '07:30', '08:15'),
  ('6854b45c-b763-ff8c-3f67-dcfce6f06ee8', 'c0000010-0000-0000-0000-000000000006', 'a1000001-0000-0000-0000-000000000003', 'b1000001-0000-0000-0000-000000000016', 3, 1, '07:30', '08:15'),
  ('f11d6671-85ee-19e3-e317-1b5e3b4cb6dc', 'c0000012-0000-0000-0000-000000000005', 'a1000001-0000-0000-0000-000000000003', 'b1000001-0000-0000-0000-000000000016', 2, 2, '08:20', '09:05'),
  ('0073683c-44f0-718f-1bfc-31f84e4b48f0', 'c0000012-0000-0000-0000-000000000005', 'a1000001-0000-0000-0000-000000000003', 'b1000001-0000-0000-0000-000000000016', 3, 2, '08:20', '09:05'),
  ('e0490f51-3fb2-a62d-9c91-0432bab3e919', 'c0000012-0000-0000-0000-000000000005', 'a1000001-0000-0000-0000-000000000003', 'b1000001-0000-0000-0000-000000000016', 4, 2, '08:20', '09:05'),
  ('60f56119-bf14-685e-1ddc-d7e5ceb4bccc', 'c0000012-0000-0000-0000-000000000005', 'a1000001-0000-0000-0000-000000000003', 'b1000001-0000-0000-0000-000000000016', 2, 3, '09:15', '10:00'),
  ('327ee3b0-ee4d-c87d-bc86-8d81de20d186', 'c0000012-0000-0000-0000-000000000002', 'a1000001-0000-0000-0000-000000000003', 'b1000001-0000-0000-0000-000000000016', 4, 3, '09:15', '10:00'),
  ('620f0fe2-2bf3-6b12-3959-9d6f6525d04f', 'c0000012-0000-0000-0000-000000000002', 'a1000001-0000-0000-0000-000000000003', 'b1000001-0000-0000-0000-000000000016', 0, 3, '09:15', '10:00'),
  ('aa8ceb21-7d97-fc3f-5ea0-30a7d275776c', 'c0000012-0000-0000-0000-000000000002', 'a1000001-0000-0000-0000-000000000003', 'b1000001-0000-0000-0000-000000000016', 1, 3, '09:15', '10:00'),
  ('a663c367-e91c-baad-b009-172a98b03e8f', 'c0000012-0000-0000-0000-000000000002', 'a1000001-0000-0000-0000-000000000003', 'b1000001-0000-0000-0000-000000000016', 4, 4, '10:05', '10:50'),
  ('d79f5920-ae11-1fe0-d13b-cfad08b8d5fd', 'c0000012-0000-0000-0000-000000000006', 'a1000001-0000-0000-0000-000000000003', 'b1000001-0000-0000-0000-000000000016', 1, 4, '10:05', '10:50'),
  ('55677ca8-cc66-f86d-86e2-f79e87cc19d9', 'c0000012-0000-0000-0000-000000000006', 'a1000001-0000-0000-0000-000000000003', 'b1000001-0000-0000-0000-000000000016', 2, 4, '10:05', '10:50'),
  ('d14c9d8c-eeb9-599f-6bdb-0a2d83782c9d', 'c0000012-0000-0000-0000-000000000006', 'a1000001-0000-0000-0000-000000000003', 'b1000001-0000-0000-0000-000000000016', 3, 4, '10:05', '10:50'),
  ('74ce8bc0-a383-218a-3cc1-be4cbab1ed88', 'c0000012-0000-0000-0000-000000000006', 'a1000001-0000-0000-0000-000000000003', 'b1000001-0000-0000-0000-000000000016', 0, 4, '10:05', '10:50'),
  ('bdca41db-ab8b-ee00-ffaa-884a925932c7', 'c0000012-0000-0000-0000-000000000006', 'a1000001-0000-0000-0000-000000000004', 'b1000001-0000-0000-0000-000000000017', 3, 1, '07:30', '08:15'),
  ('b70135c8-411e-3b7f-a419-f4e5d176bd5f', 'c0000012-0000-0000-0000-000000000006', 'a1000001-0000-0000-0000-000000000004', 'b1000001-0000-0000-0000-000000000017', 4, 1, '07:30', '08:15'),
  ('3e634044-f6ff-2c45-5f6d-8deaeb4bad3d', 'c0000012-0000-0000-0000-000000000006', 'a1000001-0000-0000-0000-000000000004', 'b1000001-0000-0000-0000-000000000017', 1, 2, '08:20', '09:05'),
  ('c86f523e-1832-c800-9772-2fe719e5a080', 'c0000011-0000-0000-0000-000000000006', 'a1000001-0000-0000-0000-000000000004', 'b1000001-0000-0000-0000-000000000017', 3, 3, '09:15', '10:00'),
  ('0b38e1e6-4f2a-9b9f-0cb2-70dc1c21edfe', 'c0000011-0000-0000-0000-000000000006', 'a1000001-0000-0000-0000-000000000004', 'b1000001-0000-0000-0000-000000000017', 4, 3, '09:15', '10:00'),
  ('f17ba441-0566-76db-cde4-33c160a81118', 'c0000011-0000-0000-0000-000000000006', 'a1000001-0000-0000-0000-000000000004', 'b1000001-0000-0000-0000-000000000017', 0, 3, '09:15', '10:00'),
  ('1b1b9efd-4b60-8cf1-a423-b1f17066f80a', 'c0000012-0000-0000-0000-000000000001', 'a1000001-0000-0000-0000-000000000005', 'b1000001-0000-0000-0000-000000000018', 3, 1, '07:30', '08:15'),
  ('c52b387e-6242-d6d0-3a5f-3eb5f166fb87', 'c0000012-0000-0000-0000-000000000001', 'a1000001-0000-0000-0000-000000000005', 'b1000001-0000-0000-0000-000000000018', 4, 1, '07:30', '08:15'),
  ('b1c74968-425e-9255-20f2-1d3f30db830a', 'c0000012-0000-0000-0000-000000000001', 'a1000001-0000-0000-0000-000000000005', 'b1000001-0000-0000-0000-000000000018', 0, 2, '08:20', '09:05'),
  ('ee307eca-792e-743c-75e0-d065712d22c3', 'c0000012-0000-0000-0000-000000000001', 'a1000001-0000-0000-0000-000000000005', 'b1000001-0000-0000-0000-000000000018', 1, 2, '08:20', '09:05'),
  ('6b0e631e-898f-43b8-3b8d-8e512c1176a5', 'c0000011-0000-0000-0000-000000000002', 'a1000001-0000-0000-0000-000000000005', 'b1000001-0000-0000-0000-000000000018', 4, 3, '09:15', '10:00'),
  ('44b26ade-073d-d604-09c3-f514727ddeca', 'c0000011-0000-0000-0000-000000000002', 'a1000001-0000-0000-0000-000000000005', 'b1000001-0000-0000-0000-000000000018', 0, 3, '09:15', '10:00'),
  ('5a8352ff-abdd-ff97-c5c7-271471aeab0e', 'c0000011-0000-0000-0000-000000000002', 'a1000001-0000-0000-0000-000000000005', 'b1000001-0000-0000-0000-000000000018', 1, 3, '09:15', '10:00'),
  ('0ba89e4d-3633-862d-d7d3-a2e2e8b2e955', 'c0000011-0000-0000-0000-000000000002', 'a1000001-0000-0000-0000-000000000005', 'b1000001-0000-0000-0000-000000000018', 2, 4, '10:05', '10:50'),
  ('11c0c1ef-799f-d128-f265-f89cf3ef7965', 'c0000012-0000-0000-0000-000000000005', 'a1000001-0000-0000-0000-000000000005', 'b1000001-0000-0000-0000-000000000019', 0, 3, '09:15', '10:00'),
  ('56a6e648-0ec1-21f8-dead-38b375542a9a', 'c0000012-0000-0000-0000-000000000005', 'a1000001-0000-0000-0000-000000000005', 'b1000001-0000-0000-0000-000000000019', 1, 3, '09:15', '10:00'),
  ('72e0abfc-5e7e-31ed-fed9-390db02d650d', 'c0000012-0000-0000-0000-000000000005', 'a1000001-0000-0000-0000-000000000005', 'b1000001-0000-0000-0000-000000000019', 3, 3, '09:15', '10:00'),
  ('a1fe83af-e830-12ae-e145-e0140839d1aa', 'c0000012-0000-0000-0000-000000000005', 'a1000001-0000-0000-0000-000000000005', 'b1000001-0000-0000-0000-000000000019', 4, 3, '09:15', '10:00'),
  ('acdf42f0-687c-8e32-096c-ce84323fc64b', 'c0000012-0000-0000-0000-000000000002', 'a1000001-0000-0000-0000-000000000005', 'b1000001-0000-0000-0000-000000000019', 2, 4, '10:05', '10:50'),
  ('def7916e-8fbf-53f0-3114-283a77b9d474', 'c0000012-0000-0000-0000-000000000002', 'a1000001-0000-0000-0000-000000000005', 'b1000001-0000-0000-0000-000000000019', 3, 4, '10:05', '10:50'),
  ('5320b6be-6a14-3e9c-c76b-23f65bf5eba6', 'c0000012-0000-0000-0000-000000000002', 'a1000001-0000-0000-0000-000000000005', 'b1000001-0000-0000-0000-000000000019', 0, 4, '10:05', '10:50'),
  ('19e7d4e2-00ff-c2d0-df84-65ceb19dff1c', 'c0000012-0000-0000-0000-000000000002', 'a1000001-0000-0000-0000-000000000005', 'b1000001-0000-0000-0000-000000000019', 1, 4, '10:05', '10:50'),
  ('db4d0c68-74d1-4d0b-7107-186b4072f283', 'c0000011-0000-0000-0000-000000000005', 'a1000001-0000-0000-0000-000000000005', 'b1000001-0000-0000-0000-000000000019', 4, 4, '10:05', '10:50'),
  ('64adce7a-396e-4838-d23c-2dde156e9897', 'c0000011-0000-0000-0000-000000000005', 'a1000001-0000-0000-0000-000000000005', 'b1000001-0000-0000-0000-000000000019', 4, 5, '11:00', '11:45'),
  ('dc5ee387-88ca-1971-9425-d9a722b95f93', 'c0000011-0000-0000-0000-000000000005', 'a1000001-0000-0000-0000-000000000005', 'b1000001-0000-0000-0000-000000000019', 0, 5, '11:00', '11:45'),
  ('1ac573ed-41c6-fabe-80b6-28ec74bcf91e', 'c0000011-0000-0000-0000-000000000005', 'a1000001-0000-0000-0000-000000000005', 'b1000001-0000-0000-0000-000000000019', 1, 5, '11:00', '11:45'),
  ('41a1131b-8f1d-e6ef-69eb-0b988625a1ce', 'c0000010-0000-0000-0000-000000000006', 'a1000001-0000-0000-0000-000000000005', 'b1000001-0000-0000-0000-000000000020', 4, 1, '07:30', '08:15'),
  ('c1c8680a-98c1-2327-3dcf-c1d12f29d532', 'c0000010-0000-0000-0000-000000000006', 'a1000001-0000-0000-0000-000000000005', 'b1000001-0000-0000-0000-000000000020', 0, 2, '08:20', '09:05'),
  ('b8acdfd8-6c35-ab7c-70f2-bd6e98aeb755', 'c0000010-0000-0000-0000-000000000006', 'a1000001-0000-0000-0000-000000000005', 'b1000001-0000-0000-0000-000000000020', 1, 2, '08:20', '09:05'),
  ('6a3b5acc-02aa-0d99-3628-7f6ce4bc7e95', 'c0000010-0000-0000-0000-000000000006', 'a1000001-0000-0000-0000-000000000005', 'b1000001-0000-0000-0000-000000000020', 1, 3, '09:15', '10:00'),
  ('e51c7fbb-a297-e9d2-319b-0d34787e6b09', 'c0000012-0000-0000-0000-000000000003', 'a1000001-0000-0000-0000-000000000005', 'b1000001-0000-0000-0000-000000000020', 2, 3, '09:15', '10:00'),
  ('ff354467-e1ee-1ada-4241-f3321c1adc40', 'c0000012-0000-0000-0000-000000000003', 'a1000001-0000-0000-0000-000000000005', 'b1000001-0000-0000-0000-000000000020', 3, 3, '09:15', '10:00'),
  ('34b453ac-2050-c041-e737-927971a433ad', 'c0000012-0000-0000-0000-000000000003', 'a1000001-0000-0000-0000-000000000005', 'b1000001-0000-0000-0000-000000000020', 2, 4, '10:05', '10:50'),
  ('171bb403-becd-fd99-b066-a2abe269a862', 'c0000012-0000-0000-0000-000000000003', 'a1000001-0000-0000-0000-000000000005', 'b1000001-0000-0000-0000-000000000020', 3, 4, '10:05', '10:50'),
  ('35afe015-2f71-a4be-6c17-7829fec9d148', 'c0000012-0000-0000-0000-000000000004', 'a1000001-0000-0000-0000-000000000005', 'b1000001-0000-0000-0000-000000000020', 4, 3, '09:15', '10:00'),
  ('496121c4-2853-3167-9d94-2b2e3b801925', 'c0000012-0000-0000-0000-000000000004', 'a1000001-0000-0000-0000-000000000005', 'b1000001-0000-0000-0000-000000000020', 0, 3, '09:15', '10:00'),
  ('5ecdf245-d745-19fc-5712-30a41a8845fd', 'c0000012-0000-0000-0000-000000000004', 'a1000001-0000-0000-0000-000000000005', 'b1000001-0000-0000-0000-000000000020', 4, 4, '10:05', '10:50'),
  ('cb685139-708c-606a-1652-82caf0e10c0a', 'c0000012-0000-0000-0000-000000000004', 'a1000001-0000-0000-0000-000000000005', 'b1000001-0000-0000-0000-000000000020', 0, 4, '10:05', '10:50'),
  ('deefb371-9807-fb7f-a944-1499cea8953d', 'c0000011-0000-0000-0000-000000000001', 'a1000001-0000-0000-0000-000000000005', 'b1000001-0000-0000-0000-000000000021', 0, 1, '07:30', '08:15'),
  ('3cb5475f-e08a-7179-e12f-f81fcde3f1fd', 'c0000011-0000-0000-0000-000000000001', 'a1000001-0000-0000-0000-000000000005', 'b1000001-0000-0000-0000-000000000021', 1, 1, '07:30', '08:15'),
  ('f595b462-0e79-a42b-2066-380719294886', 'c0000011-0000-0000-0000-000000000001', 'a1000001-0000-0000-0000-000000000005', 'b1000001-0000-0000-0000-000000000021', 2, 1, '07:30', '08:15'),
  ('e9674db6-1046-dcf9-5152-03ff8b4b6115', 'c0000011-0000-0000-0000-000000000001', 'a1000001-0000-0000-0000-000000000005', 'b1000001-0000-0000-0000-000000000021', 3, 1, '07:30', '08:15'),
  ('ff62fe75-f241-3407-1f35-1779d4e722ce', 'c0000011-0000-0000-0000-000000000003', 'a1000001-0000-0000-0000-000000000005', 'b1000001-0000-0000-0000-000000000021', 2, 2, '08:20', '09:05'),
  ('e06ce39a-dd46-1b6e-6cf6-4c27806dc0be', 'c0000011-0000-0000-0000-000000000003', 'a1000001-0000-0000-0000-000000000005', 'b1000001-0000-0000-0000-000000000021', 3, 2, '08:20', '09:05'),
  ('f6abfccb-7219-ffd7-694a-88c980db26ce', 'c0000011-0000-0000-0000-000000000003', 'a1000001-0000-0000-0000-000000000005', 'b1000001-0000-0000-0000-000000000021', 4, 2, '08:20', '09:05'),
  ('ac7e2034-db7e-44d6-5fe8-5f5547401ed8', 'c0000011-0000-0000-0000-000000000003', 'a1000001-0000-0000-0000-000000000005', 'b1000001-0000-0000-0000-000000000021', 0, 2, '08:20', '09:05'),
  ('3b310382-e41b-2f39-7328-2d82cf77ef38', 'c0000011-0000-0000-0000-000000000004', 'a1000001-0000-0000-0000-000000000005', 'b1000001-0000-0000-0000-000000000021', 4, 3, '09:15', '10:00'),
  ('8bedd917-50e5-8f09-cefb-30950d444928', 'c0000011-0000-0000-0000-000000000004', 'a1000001-0000-0000-0000-000000000005', 'b1000001-0000-0000-0000-000000000021', 0, 3, '09:15', '10:00'),
  ('cc3be19e-477b-c35b-c7d7-cdf29b9499b1', 'c0000011-0000-0000-0000-000000000004', 'a1000001-0000-0000-0000-000000000005', 'b1000001-0000-0000-0000-000000000021', 2, 4, '10:05', '10:50'),
  ('81c1fade-9cdd-a2ae-fd72-c1a2b9352092', 'c0000011-0000-0000-0000-000000000004', 'a1000001-0000-0000-0000-000000000005', 'b1000001-0000-0000-0000-000000000021', 3, 4, '10:05', '10:50'),
  ('b60255e8-86f5-7a61-e6d6-8d2d92c49527', 'c0000012-0000-0000-0000-000000000006', 'a1000001-0000-0000-0000-000000000005', 'b1000001-0000-0000-0000-000000000021', 4, 4, '10:05', '10:50'),
  ('f854c88b-da13-6cb4-1586-df6ed05e5606', 'c0000012-0000-0000-0000-000000000006', 'a1000001-0000-0000-0000-000000000005', 'b1000001-0000-0000-0000-000000000021', 1, 5, '11:00', '11:45'),
  ('6e610185-8d5a-53a2-3a17-1e1dad61f640', 'c0000012-0000-0000-0000-000000000006', 'a1000001-0000-0000-0000-000000000005', 'b1000001-0000-0000-0000-000000000021', 2, 5, '11:00', '11:45'),
  ('a5fb4281-d65e-b398-e1d6-d84daf1afdea', 'c0000012-0000-0000-0000-000000000006', 'a1000001-0000-0000-0000-000000000005', 'b1000001-0000-0000-0000-000000000021', 3, 5, '11:00', '11:45'),
  ('ff871fb0-ca16-a4c2-1647-0685e9f4bc4c', 'c0000011-0000-0000-0000-000000000006', 'a1000001-0000-0000-0000-000000000005', 'b1000001-0000-0000-0000-000000000023', 0, 1, '07:30', '08:15'),
  ('4b7e0f7a-72d4-9efe-9180-077b2ea761ad', 'c0000011-0000-0000-0000-000000000006', 'a1000001-0000-0000-0000-000000000005', 'b1000001-0000-0000-0000-000000000023', 1, 1, '07:30', '08:15'),
  ('f863830a-0072-840c-7288-0dd8a4ea6e0d', 'c0000011-0000-0000-0000-000000000006', 'a1000001-0000-0000-0000-000000000005', 'b1000001-0000-0000-0000-000000000023', 2, 1, '07:30', '08:15'),
  ('42a99eda-4ef6-9544-3ebf-6c36c74f0c3b', 'c0000011-0000-0000-0000-000000000006', 'a1000001-0000-0000-0000-000000000005', 'b1000001-0000-0000-0000-000000000023', 1, 2, '08:20', '09:05'),
  ('893cf66d-3bd7-cee5-cf63-910a290bd5cd', 'c0000010-0000-0000-0000-000000000001', 'a1000001-0000-0000-0000-000000000005', 'b1000001-0000-0000-0000-000000000023', 2, 2, '08:20', '09:05'),
  ('0b6445b1-88da-7769-8c02-41ed9c52b369', 'c0000010-0000-0000-0000-000000000001', 'a1000001-0000-0000-0000-000000000005', 'b1000001-0000-0000-0000-000000000023', 3, 2, '08:20', '09:05'),
  ('e04a0cd3-1b03-9141-e8ce-387a4caf339e', 'c0000010-0000-0000-0000-000000000001', 'a1000001-0000-0000-0000-000000000005', 'b1000001-0000-0000-0000-000000000023', 4, 2, '08:20', '09:05'),
  ('b69478fc-0590-af85-e1d5-81d6b6d84e52', 'c0000010-0000-0000-0000-000000000001', 'a1000001-0000-0000-0000-000000000005', 'b1000001-0000-0000-0000-000000000023', 2, 3, '09:15', '10:00'),
  ('724e40e4-ffaf-414b-4b94-a161adc8e951', 'c0000010-0000-0000-0000-000000000003', 'a1000001-0000-0000-0000-000000000005', 'b1000001-0000-0000-0000-000000000023', 4, 3, '09:15', '10:00'),
  ('36839875-7a94-4e1b-579f-383e121a6c3a', 'c0000010-0000-0000-0000-000000000003', 'a1000001-0000-0000-0000-000000000005', 'b1000001-0000-0000-0000-000000000023', 0, 3, '09:15', '10:00'),
  ('37900551-45af-96d2-af62-4faa7f381784', 'c0000010-0000-0000-0000-000000000003', 'a1000001-0000-0000-0000-000000000005', 'b1000001-0000-0000-0000-000000000023', 1, 3, '09:15', '10:00'),
  ('c60c13e1-0bad-18ba-abb8-01c312c5d10e', 'c0000010-0000-0000-0000-000000000003', 'a1000001-0000-0000-0000-000000000005', 'b1000001-0000-0000-0000-000000000023', 3, 3, '09:15', '10:00'),
  ('89c413fb-ed9b-2394-dc83-7b90c43c50ca', 'c0000010-0000-0000-0000-000000000002', 'a1000001-0000-0000-0000-000000000005', 'b1000001-0000-0000-0000-000000000023', 1, 4, '10:05', '10:50'),
  ('4318ab96-700b-2b9c-01fe-3727dcf22e99', 'c0000010-0000-0000-0000-000000000002', 'a1000001-0000-0000-0000-000000000005', 'b1000001-0000-0000-0000-000000000023', 2, 4, '10:05', '10:50'),
  ('e802e805-9f4f-8507-3375-9c53bbeacebf', 'c0000010-0000-0000-0000-000000000002', 'a1000001-0000-0000-0000-000000000005', 'b1000001-0000-0000-0000-000000000023', 3, 4, '10:05', '10:50'),
  ('e0c54671-0cd7-8e70-90e4-66ca7e467ed4', 'c0000010-0000-0000-0000-000000000002', 'a1000001-0000-0000-0000-000000000005', 'b1000001-0000-0000-0000-000000000023', 4, 4, '10:05', '10:50'),
  ('8d063361-1fa0-990a-972e-669049e7f00c', 'c0000011-0000-0000-0000-000000000002', 'a1000001-0000-0000-0000-000000000006', 'b1000001-0000-0000-0000-000000000024', 4, 1, '07:30', '08:15'),
  ('bacf421f-73b0-f8ae-38f1-bdac4e6ef098', 'c0000011-0000-0000-0000-000000000002', 'a1000001-0000-0000-0000-000000000006', 'b1000001-0000-0000-0000-000000000024', 0, 4, '10:05', '10:50'),
  ('ee3ba8c0-938d-56f6-7cd9-23437a317bd2', 'c0000011-0000-0000-0000-000000000002', 'a1000001-0000-0000-0000-000000000006', 'b1000001-0000-0000-0000-000000000024', 1, 4, '10:05', '10:50'),
  ('4c8db82d-2795-b9f1-ac26-526f2cb5c213', 'c0000012-0000-0000-0000-000000000001', 'a1000001-0000-0000-0000-000000000006', 'b1000001-0000-0000-0000-000000000024', 2, 2, '08:20', '09:05'),
  ('2979ad01-fba4-6054-46da-0e8d65b43e50', 'c0000012-0000-0000-0000-000000000001', 'a1000001-0000-0000-0000-000000000006', 'b1000001-0000-0000-0000-000000000024', 3, 2, '08:20', '09:05'),
  ('5085c3cb-227a-36bc-55ec-fbea26c0e85f', 'c0000012-0000-0000-0000-000000000001', 'a1000001-0000-0000-0000-000000000006', 'b1000001-0000-0000-0000-000000000024', 4, 2, '08:20', '09:05'),
  ('63c8156a-6f25-4d5f-115c-9be3b9ff8283', 'c0000012-0000-0000-0000-000000000002', 'a1000001-0000-0000-0000-000000000006', 'b1000001-0000-0000-0000-000000000024', 4, 5, '11:00', '11:45'),
  ('d1fce693-6022-e9d6-e53b-591bfaf50529', 'c0000012-0000-0000-0000-000000000002', 'a1000001-0000-0000-0000-000000000006', 'b1000001-0000-0000-0000-000000000024', 0, 5, '11:00', '11:45'),
  ('37989fa3-486e-4bbb-a19e-65a6c568331e', 'c0000012-0000-0000-0000-000000000002', 'a1000001-0000-0000-0000-000000000006', 'b1000001-0000-0000-0000-000000000024', 1, 5, '11:00', '11:45'),
  ('e1c3aa38-8a51-cb7a-b9cf-ce21b67c866f', 'c0000012-0000-0000-0000-000000000003', 'a1000001-0000-0000-0000-000000000006', 'b1000001-0000-0000-0000-000000000024', 4, 4, '10:05', '10:50'),
  ('38712963-6b14-b8a5-7afe-976c5a641b39', 'c0000012-0000-0000-0000-000000000003', 'a1000001-0000-0000-0000-000000000006', 'b1000001-0000-0000-0000-000000000024', 2, 5, '11:00', '11:45'),
  ('41fc11cf-c854-b324-4305-49593826130b', 'c0000012-0000-0000-0000-000000000003', 'a1000001-0000-0000-0000-000000000006', 'b1000001-0000-0000-0000-000000000024', 3, 5, '11:00', '11:45'),
  ('1b003e43-fac0-be88-eab8-dd37795eba6e', 'c0000011-0000-0000-0000-000000000005', 'a1000001-0000-0000-0000-000000000006', 'b1000001-0000-0000-0000-000000000025', 4, 1, '07:30', '08:15'),
  ('d2c48239-071f-b709-db90-6fdcdb65ca18', 'c0000011-0000-0000-0000-000000000005', 'a1000001-0000-0000-0000-000000000006', 'b1000001-0000-0000-0000-000000000025', 0, 2, '08:20', '09:05'),
  ('567f83ef-58cf-b239-1645-dabf69ebb4c2', 'c0000011-0000-0000-0000-000000000005', 'a1000001-0000-0000-0000-000000000006', 'b1000001-0000-0000-0000-000000000025', 1, 2, '08:20', '09:05'),
  ('84394dbe-c705-2be9-0479-3e6ea0216f8a', 'c0000011-0000-0000-0000-000000000004', 'a1000001-0000-0000-0000-000000000006', 'b1000001-0000-0000-0000-000000000025', 2, 2, '08:20', '09:05'),
  ('77619c46-12f8-4c3a-e49f-a865921101a9', 'c0000011-0000-0000-0000-000000000004', 'a1000001-0000-0000-0000-000000000006', 'b1000001-0000-0000-0000-000000000025', 3, 2, '08:20', '09:05'),
  ('8c752faf-c62a-29df-95f4-1cd5b4f683f7', 'c0000011-0000-0000-0000-000000000004', 'a1000001-0000-0000-0000-000000000006', 'b1000001-0000-0000-0000-000000000025', 4, 2, '08:20', '09:05'),
  ('1b8b5a9c-2064-1cc1-37f8-19704a87a90f', 'c0000011-0000-0000-0000-000000000003', 'a1000001-0000-0000-0000-000000000006', 'b1000001-0000-0000-0000-000000000025', 3, 3, '09:15', '10:00'),
  ('e82c14d8-b255-80e6-97f4-784b67cb3254', 'c0000011-0000-0000-0000-000000000003', 'a1000001-0000-0000-0000-000000000006', 'b1000001-0000-0000-0000-000000000025', 4, 4, '10:05', '10:50'),
  ('b58a79ac-be10-2516-f857-2faa70324731', 'c0000011-0000-0000-0000-000000000003', 'a1000001-0000-0000-0000-000000000006', 'b1000001-0000-0000-0000-000000000025', 0, 4, '10:05', '10:50'),
  ('b7aa065d-eec3-731c-3f73-7d70f78ef26a', 'c0000011-0000-0000-0000-000000000001', 'a1000001-0000-0000-0000-000000000006', 'b1000001-0000-0000-0000-000000000025', 3, 5, '11:00', '11:45'),
  ('e1b15390-12e6-3fec-5fce-3e8b20ad0ab2', 'c0000010-0000-0000-0000-000000000001', 'a1000001-0000-0000-0000-000000000006', 'b1000001-0000-0000-0000-000000000025', 4, 3, '09:15', '10:00'),
  ('cd8517f5-d04c-99fc-fadb-ec0d3b957d7b', 'c0000010-0000-0000-0000-000000000001', 'a1000001-0000-0000-0000-000000000006', 'b1000001-0000-0000-0000-000000000025', 0, 3, '09:15', '10:00'),
  ('5f2d26a7-dd78-53b4-ddd3-112ca4dfe61a', 'c0000010-0000-0000-0000-000000000001', 'a1000001-0000-0000-0000-000000000006', 'b1000001-0000-0000-0000-000000000025', 1, 3, '09:15', '10:00'),
  ('dcd602dc-f3b0-b5a0-e345-27f2bd922179', 'c0000010-0000-0000-0000-000000000002', 'a1000001-0000-0000-0000-000000000006', 'b1000001-0000-0000-0000-000000000025', 0, 5, '11:00', '11:45'),
  ('b16c9e92-95ca-3cb6-72b5-d47d90332540', 'c0000010-0000-0000-0000-000000000002', 'a1000001-0000-0000-0000-000000000006', 'b1000001-0000-0000-0000-000000000025', 1, 5, '11:00', '11:45'),
  ('4436d0d7-d0d2-a077-1d97-4b4403630622', 'c0000010-0000-0000-0000-000000000002', 'a1000001-0000-0000-0000-000000000006', 'b1000001-0000-0000-0000-000000000025', 2, 5, '11:00', '11:45'),
  ('8a9bd250-1b84-7d44-fb45-321c5636e31d', 'c0000010-0000-0000-0000-000000000004', 'a1000001-0000-0000-0000-000000000006', 'b1000001-0000-0000-0000-000000000026', 0, 1, '07:30', '08:15'),
  ('ccfc9d90-937a-b11e-7779-5fdc97fe4259', 'c0000010-0000-0000-0000-000000000004', 'a1000001-0000-0000-0000-000000000006', 'b1000001-0000-0000-0000-000000000026', 1, 1, '07:30', '08:15'),
  ('5363a715-ca0e-53f3-7d8b-bc88d3d0b66c', 'c0000010-0000-0000-0000-000000000004', 'a1000001-0000-0000-0000-000000000006', 'b1000001-0000-0000-0000-000000000026', 2, 1, '07:30', '08:15'),
  ('b1b13fa7-e48c-0183-a461-e2c7bfa533e4', 'c0000010-0000-0000-0000-000000000005', 'a1000001-0000-0000-0000-000000000006', 'b1000001-0000-0000-0000-000000000026', 2, 2, '08:20', '09:05'),
  ('722b1ced-d826-30d3-56e1-437b592de630', 'c0000010-0000-0000-0000-000000000005', 'a1000001-0000-0000-0000-000000000006', 'b1000001-0000-0000-0000-000000000026', 3, 2, '08:20', '09:05'),
  ('2797fa64-6e23-e060-c9f7-d8bd760bd208', 'c0000010-0000-0000-0000-000000000005', 'a1000001-0000-0000-0000-000000000006', 'b1000001-0000-0000-0000-000000000026', 4, 2, '08:20', '09:05'),
  ('f645272d-7dce-75b6-3355-81dd89e49d6b', 'c0000012-0000-0000-0000-000000000005', 'a1000001-0000-0000-0000-000000000006', 'b1000001-0000-0000-0000-000000000026', 4, 4, '10:05', '10:50'),
  ('9a4f32d5-84b4-6714-8d03-53a7ea1c8e6a', 'c0000012-0000-0000-0000-000000000005', 'a1000001-0000-0000-0000-000000000006', 'b1000001-0000-0000-0000-000000000026', 0, 4, '10:05', '10:50'),
  ('a3951b49-a4f3-4254-ca21-b17ba78c6c6f', 'c0000012-0000-0000-0000-000000000005', 'a1000001-0000-0000-0000-000000000006', 'b1000001-0000-0000-0000-000000000026', 1, 4, '10:05', '10:50'),
  ('3b915b4d-b38b-b188-f552-c9367bc874b9', 'c0000010-0000-0000-0000-000000000006', 'a1000001-0000-0000-0000-000000000006', 'b1000001-0000-0000-0000-000000000026', 2, 4, '10:05', '10:50'),
  ('fd01e657-2c23-38f2-0416-9278b29e6706', 'c0000010-0000-0000-0000-000000000006', 'a1000001-0000-0000-0000-000000000006', 'b1000001-0000-0000-0000-000000000026', 3, 4, '10:05', '10:50'),
  ('557e520f-a0a3-e11a-f01b-1bb394025a50', 'c0000010-0000-0000-0000-000000000006', 'a1000001-0000-0000-0000-000000000006', 'b1000001-0000-0000-0000-000000000026', 1, 5, '11:00', '11:45'),
  ('78e79059-f4cb-1fd6-2602-35ef0253e950', 'c0000010-0000-0000-0000-000000000003', 'a1000001-0000-0000-0000-000000000006', 'b1000001-0000-0000-0000-000000000026', 3, 1, '07:30', '08:15'),
  ('7251e930-cbe7-889b-0f7a-ad7545c369d0', 'c0000010-0000-0000-0000-000000000003', 'a1000001-0000-0000-0000-000000000006', 'b1000001-0000-0000-0000-000000000026', 4, 1, '07:30', '08:15'),
  ('66b3db61-dcb0-7f6a-a539-6d81e94e0fff', 'c0000010-0000-0000-0000-000000000003', 'a1000001-0000-0000-0000-000000000006', 'b1000001-0000-0000-0000-000000000026', 1, 2, '08:20', '09:05'),
  ('2a2e9b4a-3379-a377-ff42-57a74d9524b5', 'c0000012-0000-0000-0000-000000000004', 'a1000001-0000-0000-0000-000000000006', 'b1000001-0000-0000-0000-000000000026', 1, 3, '09:15', '10:00'),
  ('33429259-0970-3abf-7c74-4b7be17b8d71', 'c0000012-0000-0000-0000-000000000004', 'a1000001-0000-0000-0000-000000000006', 'b1000001-0000-0000-0000-000000000026', 2, 3, '09:15', '10:00'),
  ('78150654-5800-8e98-2b1a-d059a20e63a9', 'c0000012-0000-0000-0000-000000000004', 'a1000001-0000-0000-0000-000000000006', 'b1000001-0000-0000-0000-000000000026', 3, 3, '09:15', '10:00'),
  ('4dd4dec7-846c-586a-91b7-f6e7eba527ed', 'c0000010-0000-0000-0000-000000000001', 'a1000001-0000-0000-0000-000000000007', 'b1000001-0000-0000-0000-000000000027', 3, 3, '09:15', '10:00'),
  ('7e2a39a8-52e4-03cf-265d-39ce1d69b22f', 'c0000010-0000-0000-0000-000000000001', 'a1000001-0000-0000-0000-000000000007', 'b1000001-0000-0000-0000-000000000027', 0, 4, '10:05', '10:50'),
  ('44c775ec-bb5d-cd74-0c59-f38fa8f8bbb6', 'c0000010-0000-0000-0000-000000000001', 'a1000001-0000-0000-0000-000000000007', 'b1000001-0000-0000-0000-000000000027', 1, 4, '10:05', '10:50'),
  ('7341c095-5045-d5d0-89ca-e824843c6f72', 'c0000010-0000-0000-0000-000000000002', 'a1000001-0000-0000-0000-000000000007', 'b1000001-0000-0000-0000-000000000027', 0, 2, '08:20', '09:05'),
  ('1b674111-e926-56bb-27b3-811accedd1ef', 'c0000010-0000-0000-0000-000000000002', 'a1000001-0000-0000-0000-000000000007', 'b1000001-0000-0000-0000-000000000027', 1, 2, '08:20', '09:05'),
  ('15b7864a-08a2-1f8f-ca0e-ce7c4d48c76b', 'c0000010-0000-0000-0000-000000000002', 'a1000001-0000-0000-0000-000000000007', 'b1000001-0000-0000-0000-000000000027', 1, 3, '09:15', '10:00'),
  ('27d1809f-dfea-8cdd-f51d-a11b63dfae24', 'c0000012-0000-0000-0000-000000000005', 'a1000001-0000-0000-0000-000000000007', 'b1000001-0000-0000-0000-000000000027', 2, 4, '10:05', '10:50'),
  ('ef0f7477-460a-d725-95b8-8b2c055b62ca', 'c0000012-0000-0000-0000-000000000005', 'a1000001-0000-0000-0000-000000000007', 'b1000001-0000-0000-0000-000000000027', 3, 4, '10:05', '10:50'),
  ('9e032b0d-f433-d184-fcaa-c05745486e31', 'c0000012-0000-0000-0000-000000000005', 'a1000001-0000-0000-0000-000000000007', 'b1000001-0000-0000-0000-000000000027', 4, 5, '11:00', '11:45'),
  ('2b299e12-2b83-8f9b-2d40-64cbb6deafe4', 'c0000010-0000-0000-0000-000000000005', 'a1000001-0000-0000-0000-000000000007', 'b1000001-0000-0000-0000-000000000027', 4, 4, '10:05', '10:50'),
  ('b8571068-a92d-f042-bf81-92f819ab082e', 'c0000010-0000-0000-0000-000000000005', 'a1000001-0000-0000-0000-000000000007', 'b1000001-0000-0000-0000-000000000027', 1, 5, '11:00', '11:45'),
  ('14f2a492-2d2a-5e86-8e85-5b51eb056638', 'c0000010-0000-0000-0000-000000000005', 'a1000001-0000-0000-0000-000000000007', 'b1000001-0000-0000-0000-000000000027', 2, 5, '11:00', '11:45'),
  ('788026ab-2e52-c113-4df0-e78a3f9e8929', 'c0000010-0000-0000-0000-000000000003', 'a1000001-0000-0000-0000-000000000007', 'b1000001-0000-0000-0000-000000000027', 0, 1, '07:30', '08:15'),
  ('5adfe1ae-0746-e985-79bf-d59176db0f5e', 'c0000010-0000-0000-0000-000000000003', 'a1000001-0000-0000-0000-000000000007', 'b1000001-0000-0000-0000-000000000027', 1, 1, '07:30', '08:15'),
  ('62f4db15-9b1c-2d57-b0a3-1b2588466d50', 'c0000010-0000-0000-0000-000000000003', 'a1000001-0000-0000-0000-000000000007', 'b1000001-0000-0000-0000-000000000027', 2, 1, '07:30', '08:15'),
  ('56986f78-4704-96e7-1915-fda6533bfd44', 'c0000010-0000-0000-0000-000000000004', 'a1000001-0000-0000-0000-000000000007', 'b1000001-0000-0000-0000-000000000027', 2, 2, '08:20', '09:05'),
  ('1b6f8343-7ada-d84b-6839-159fceba5bef', 'c0000010-0000-0000-0000-000000000004', 'a1000001-0000-0000-0000-000000000007', 'b1000001-0000-0000-0000-000000000027', 3, 2, '08:20', '09:05'),
  ('1a9d2ded-38e4-3a7a-0eb5-069a43429827', 'c0000010-0000-0000-0000-000000000004', 'a1000001-0000-0000-0000-000000000007', 'b1000001-0000-0000-0000-000000000027', 4, 2, '08:20', '09:05'),
  ('0607b4fc-e19c-e910-89a2-616f9c500f6d', 'c0000010-0000-0000-0000-000000000006', 'a1000001-0000-0000-0000-000000000007', 'b1000001-0000-0000-0000-000000000027', 3, 5, '11:00', '11:45'),
  ('34494b1b-042d-e888-b7ef-97dd49930c47', 'c0000010-0000-0000-0000-000000000006', 'a1000001-0000-0000-0000-000000000007', 'b1000001-0000-0000-0000-000000000027', 0, 5, '11:00', '11:45'),
  ('c8b49bf6-2743-0f50-b7ea-8553b9c2ffa9', 'c0000012-0000-0000-0000-000000000004', 'a1000001-0000-0000-0000-000000000007', 'b1000001-0000-0000-0000-000000000029', 3, 2, '08:20', '09:05'),
  ('87d3dd9d-5597-4c35-d72e-ce212ba3bff0', 'c0000012-0000-0000-0000-000000000004', 'a1000001-0000-0000-0000-000000000007', 'b1000001-0000-0000-0000-000000000029', 4, 2, '08:20', '09:05'),
  ('dc3d9c4f-4f88-7dce-0a79-e080a328917c', 'c0000012-0000-0000-0000-000000000002', 'a1000001-0000-0000-0000-000000000007', 'b1000001-0000-0000-0000-000000000029', 2, 5, '11:00', '11:45'),
  ('b6f0e77b-57d6-33ea-dd7d-d99e29e550bf', 'c0000012-0000-0000-0000-000000000002', 'a1000001-0000-0000-0000-000000000007', 'b1000001-0000-0000-0000-000000000029', 3, 5, '11:00', '11:45'),
  ('47a348e3-900f-a550-41e4-bcf92d3ef7b8', 'c0000012-0000-0000-0000-000000000001', 'a1000001-0000-0000-0000-000000000007', 'b1000001-0000-0000-0000-000000000029', 2, 3, '09:15', '10:00'),
  ('c807d2f0-dfb4-5ed2-6cd2-e8bfb2257dfc', 'c0000012-0000-0000-0000-000000000001', 'a1000001-0000-0000-0000-000000000007', 'b1000001-0000-0000-0000-000000000029', 0, 4, '10:05', '10:50'),
  ('a02e9127-ecd5-7977-505b-2e222557bfc1', 'c0000012-0000-0000-0000-000000000001', 'a1000001-0000-0000-0000-000000000007', 'b1000001-0000-0000-0000-000000000029', 4, 5, '11:00', '11:45'),
  ('30037f41-fc38-ea45-38ea-dc5ec81e7f8a', 'c0000011-0000-0000-0000-000000000001', 'a1000001-0000-0000-0000-000000000007', 'b1000001-0000-0000-0000-000000000029', 4, 1, '07:30', '08:15'),
  ('ac25e963-74dd-c39a-ff1a-a5d65b494c29', 'c0000011-0000-0000-0000-000000000001', 'a1000001-0000-0000-0000-000000000007', 'b1000001-0000-0000-0000-000000000029', 2, 2, '08:20', '09:05'),
  ('ab8198d3-d93e-eca9-a432-8135ce1694aa', 'c0000011-0000-0000-0000-000000000001', 'a1000001-0000-0000-0000-000000000007', 'b1000001-0000-0000-0000-000000000029', 0, 2, '08:20', '09:05'),
  ('05b6cff5-5740-bf1d-4cde-27a7a591b425', 'c0000011-0000-0000-0000-000000000003', 'a1000001-0000-0000-0000-000000000007', 'b1000001-0000-0000-0000-000000000029', 3, 1, '07:30', '08:15'),
  ('c418841f-3181-18d4-fa85-2870e375f8ad', 'c0000011-0000-0000-0000-000000000003', 'a1000001-0000-0000-0000-000000000007', 'b1000001-0000-0000-0000-000000000029', 0, 1, '07:30', '08:15'),
  ('f32746c3-d8c9-3ef8-0d16-4f4aea4237cf', 'c0000011-0000-0000-0000-000000000003', 'a1000001-0000-0000-0000-000000000007', 'b1000001-0000-0000-0000-000000000029', 1, 1, '07:30', '08:15'),
  ('dcfe5a54-8803-a673-a0c1-277370f7e0b3', 'c0000012-0000-0000-0000-000000000003', 'a1000001-0000-0000-0000-000000000007', 'b1000001-0000-0000-0000-000000000029', 1, 2, '08:20', '09:05'),
  ('2a50d5e3-a554-f48f-702e-c13d1a0d5e48', 'c0000012-0000-0000-0000-000000000003', 'a1000001-0000-0000-0000-000000000007', 'b1000001-0000-0000-0000-000000000029', 1, 4, '10:05', '10:50'),
  ('7076e122-1433-941a-c126-a78dfdf274c1', 'c0000012-0000-0000-0000-000000000003', 'a1000001-0000-0000-0000-000000000007', 'b1000001-0000-0000-0000-000000000029', 0, 5, '11:00', '11:45'),
  ('b98a54d1-4581-de6c-aa56-8bf9d36d8696', 'c0000011-0000-0000-0000-000000000001', 'a1000001-0000-0000-0000-000000000008', 'b1000001-0000-0000-0000-000000000030', 3, 2, '08:20', '09:05'),
  ('2cb61fb4-b562-09d2-6884-f3cca7f050e7', 'c0000011-0000-0000-0000-000000000001', 'a1000001-0000-0000-0000-000000000008', 'b1000001-0000-0000-0000-000000000030', 4, 2, '08:20', '09:05'),
  ('d29e8600-9eee-e9f3-bb3e-fd7bfed7a21f', 'c0000011-0000-0000-0000-000000000003', 'a1000001-0000-0000-0000-000000000008', 'b1000001-0000-0000-0000-000000000030', 1, 2, '08:20', '09:05'),
  ('1809f06a-97ad-8449-c398-be3154846799', 'c0000011-0000-0000-0000-000000000003', 'a1000001-0000-0000-0000-000000000008', 'b1000001-0000-0000-0000-000000000030', 2, 5, '11:00', '11:45'),
  ('9a3426f4-3573-dfaf-8e72-4e88e7f1b9dc', 'c0000011-0000-0000-0000-000000000003', 'a1000001-0000-0000-0000-000000000008', 'b1000001-0000-0000-0000-000000000030', 3, 5, '11:00', '11:45'),
  ('0942765f-decb-e890-7eb4-c37a92df10f9', 'c0000012-0000-0000-0000-000000000002', 'a1000001-0000-0000-0000-000000000008', 'b1000001-0000-0000-0000-000000000030', 4, 1, '07:30', '08:15'),
  ('1856bfcb-39aa-c4e2-b9db-19388cbf478f', 'c0000012-0000-0000-0000-000000000002', 'a1000001-0000-0000-0000-000000000008', 'b1000001-0000-0000-0000-000000000030', 0, 1, '07:30', '08:15'),
  ('1a031937-61d6-c1b8-af33-14b796e5af2e', 'c0000012-0000-0000-0000-000000000002', 'a1000001-0000-0000-0000-000000000008', 'b1000001-0000-0000-0000-000000000030', 1, 1, '07:30', '08:15'),
  ('6c2bfa87-b2dc-4de3-78c1-d56176c3c4c0', 'c0000012-0000-0000-0000-000000000003', 'a1000001-0000-0000-0000-000000000008', 'b1000001-0000-0000-0000-000000000030', 0, 4, '10:05', '10:50'),
  ('276ae2dc-ec8d-3c76-c88d-7b31f2bd8bac', 'c0000012-0000-0000-0000-000000000003', 'a1000001-0000-0000-0000-000000000008', 'b1000001-0000-0000-0000-000000000030', 1, 5, '11:00', '11:45'),
  ('c73e13a1-31fd-47dd-4750-ce60771ffb8e', 'c0000012-0000-0000-0000-000000000003', 'a1000001-0000-0000-0000-000000000008', 'b1000001-0000-0000-0000-000000000030', 4, 5, '11:00', '11:45'),
  ('03d5b7bf-9d80-f801-4561-1804dc299473', 'c0000011-0000-0000-0000-000000000004', 'a1000001-0000-0000-0000-000000000008', 'b1000001-0000-0000-0000-000000000030', 3, 1, '07:30', '08:15'),
  ('a7735166-a3d3-f84d-792d-09e22d57766f', 'c0000011-0000-0000-0000-000000000004', 'a1000001-0000-0000-0000-000000000008', 'b1000001-0000-0000-0000-000000000030', 2, 1, '07:30', '08:15'),
  ('4b371769-b415-203f-1c15-769d7294f2de', 'c0000011-0000-0000-0000-000000000004', 'a1000001-0000-0000-0000-000000000008', 'b1000001-0000-0000-0000-000000000030', 0, 2, '08:20', '09:05'),
  ('0ccda723-ce43-515d-5004-69a710bd46e2', 'c0000012-0000-0000-0000-000000000001', 'a1000001-0000-0000-0000-000000000008', 'b1000001-0000-0000-0000-000000000030', 0, 5, '11:00', '11:45'),
  ('721cc45b-4fd1-e9ba-5283-cc07494f8809', 'c0000011-0000-0000-0000-000000000002', 'a1000001-0000-0000-0000-000000000008', 'b1000001-0000-0000-0000-000000000030', 3, 4, '10:05', '10:50'),
  ('47320f08-59ab-72f4-e4dc-c021b6412340', 'c0000011-0000-0000-0000-000000000002', 'a1000001-0000-0000-0000-000000000008', 'b1000001-0000-0000-0000-000000000030', 4, 4, '10:05', '10:50'),
  ('60b3c4b0-d24e-bcdd-4d06-106db5fbeb9c', 'c0000011-0000-0000-0000-000000000005', 'a1000001-0000-0000-0000-000000000008', 'b1000001-0000-0000-0000-000000000030', 1, 4, '10:05', '10:50'),
  ('73fd4e72-6708-dad8-e27a-f1e06eec637f', 'c0000011-0000-0000-0000-000000000005', 'a1000001-0000-0000-0000-000000000008', 'b1000001-0000-0000-0000-000000000030', 2, 4, '10:05', '10:50'),
  ('d8274f5c-163c-0dfb-8f2c-21ffc12bff5d', 'c0000011-0000-0000-0000-000000000005', 'a1000001-0000-0000-0000-000000000008', 'b1000001-0000-0000-0000-000000000030', 2, 2, '08:20', '09:05'),
  ('2e39c828-7700-3b24-2a1e-6a5f59c6a0a1', 'c0000010-0000-0000-0000-000000000002', 'a1000001-0000-0000-0000-000000000008', 'b1000001-0000-0000-0000-000000000031', 4, 1, '07:30', '08:15'),
  ('17f824eb-51da-899e-be52-300501a9d1ab', 'c0000010-0000-0000-0000-000000000002', 'a1000001-0000-0000-0000-000000000008', 'b1000001-0000-0000-0000-000000000031', 0, 4, '10:05', '10:50'),
  ('b37166d5-4687-89c9-43fd-3558dcbe8b9b', 'c0000010-0000-0000-0000-000000000004', 'a1000001-0000-0000-0000-000000000008', 'b1000001-0000-0000-0000-000000000031', 0, 2, '08:20', '09:05'),
  ('15e24e63-c4fb-8fea-aea6-e3a4a148aa72', 'c0000010-0000-0000-0000-000000000004', 'a1000001-0000-0000-0000-000000000008', 'b1000001-0000-0000-0000-000000000031', 1, 2, '08:20', '09:05'),
  ('1461c577-073d-7113-5f68-ee7b4cf7e162', 'c0000010-0000-0000-0000-000000000004', 'a1000001-0000-0000-0000-000000000008', 'b1000001-0000-0000-0000-000000000031', 2, 4, '10:05', '10:50'),
  ('7f0bb25f-350a-18a9-7660-5f5b861ae667', 'c0000010-0000-0000-0000-000000000006', 'a1000001-0000-0000-0000-000000000008', 'b1000001-0000-0000-0000-000000000031', 4, 4, '10:05', '10:50'),
  ('ba9186a5-f67d-0ae8-57bf-dae1917534a0', 'c0000010-0000-0000-0000-000000000006', 'a1000001-0000-0000-0000-000000000008', 'b1000001-0000-0000-0000-000000000031', 1, 4, '10:05', '10:50'),
  ('c9c30c7b-61dd-d515-7174-0d0670143d75', 'c0000010-0000-0000-0000-000000000006', 'a1000001-0000-0000-0000-000000000008', 'b1000001-0000-0000-0000-000000000031', 4, 5, '11:00', '11:45'),
  ('dd80f355-a3a0-7b0e-e338-83bc7afa0307', 'c0000010-0000-0000-0000-000000000003', 'a1000001-0000-0000-0000-000000000008', 'b1000001-0000-0000-0000-000000000031', 0, 5, '11:00', '11:45'),
  ('17a82530-b24c-88c9-e12a-2ade70abe444', 'c0000010-0000-0000-0000-000000000001', 'a1000001-0000-0000-0000-000000000008', 'b1000001-0000-0000-0000-000000000031', 3, 4, '10:05', '10:50'),
  ('992877f6-d123-910d-1c00-28099c68a7da', 'c0000010-0000-0000-0000-000000000001', 'a1000001-0000-0000-0000-000000000008', 'b1000001-0000-0000-0000-000000000031', 1, 5, '11:00', '11:45'),
  ('208bbdaf-07c2-6283-81f8-d3fb7e3112e6', 'c0000010-0000-0000-0000-000000000001', 'a1000001-0000-0000-0000-000000000008', 'b1000001-0000-0000-0000-000000000031', 2, 5, '11:00', '11:45'),
  ('b36a1178-ddde-20fa-8417-9ff1184385fd', 'c0000012-0000-0000-0000-000000000005', 'a1000001-0000-0000-0000-000000000008', 'b1000001-0000-0000-0000-000000000031', 3, 5, '11:00', '11:45'),
  ('981a399a-495d-89ca-a40f-f819aec70f1b', 'c0000011-0000-0000-0000-000000000004', 'a1000001-0000-0000-0000-000000000009', 'b1000001-0000-0000-0000-000000000032', 0, 1, '07:30', '08:15'),
  ('2d97059f-c1f7-a7fe-0d5c-6330eab25644', 'c0000011-0000-0000-0000-000000000004', 'a1000001-0000-0000-0000-000000000009', 'b1000001-0000-0000-0000-000000000032', 1, 1, '07:30', '08:15'),
  ('f48f7a5a-7959-3acb-eeff-2397eb477d37', 'c0000011-0000-0000-0000-000000000004', 'a1000001-0000-0000-0000-000000000009', 'b1000001-0000-0000-0000-000000000032', 4, 1, '07:30', '08:15'),
  ('4c909015-d823-73dd-9295-29cefd52eadc', 'c0000011-0000-0000-0000-000000000002', 'a1000001-0000-0000-0000-000000000009', 'b1000001-0000-0000-0000-000000000032', 4, 5, '11:00', '11:45'),
  ('cee66444-9008-de8e-1f30-60bb850d1dc1', 'c0000011-0000-0000-0000-000000000002', 'a1000001-0000-0000-0000-000000000009', 'b1000001-0000-0000-0000-000000000032', 0, 5, '11:00', '11:45'),
  ('5c883e46-c692-e993-e558-6b99515958df', 'c0000011-0000-0000-0000-000000000002', 'a1000001-0000-0000-0000-000000000009', 'b1000001-0000-0000-0000-000000000032', 1, 5, '11:00', '11:45'),
  ('816990ff-9c84-071d-2fa0-f6d523e4df38', 'c0000011-0000-0000-0000-000000000003', 'a1000001-0000-0000-0000-000000000009', 'b1000001-0000-0000-0000-000000000032', 2, 1, '07:30', '08:15'),
  ('59eaa2ce-df35-cfb6-44a2-bcf6c74ae701', 'c0000011-0000-0000-0000-000000000005', 'a1000001-0000-0000-0000-000000000009', 'b1000001-0000-0000-0000-000000000032', 3, 4, '10:05', '10:50'),
  ('816c9d85-d019-dcaa-5d8a-f2d4d0888e31', 'c0000011-0000-0000-0000-000000000005', 'a1000001-0000-0000-0000-000000000009', 'b1000001-0000-0000-0000-000000000032', 0, 4, '10:05', '10:50'),
  ('6cd97532-0ceb-18e7-831d-1fe902742fa9', 'c0000010-0000-0000-0000-000000000003', 'a1000001-0000-0000-0000-000000000010', 'b1000001-0000-0000-0000-000000000033', 2, 3, '09:15', '10:00'),
  ('70b957c7-e475-b321-31f8-7d96c81b5531', 'c0000010-0000-0000-0000-000000000003', 'a1000001-0000-0000-0000-000000000010', 'b1000001-0000-0000-0000-000000000033', 0, 4, '10:05', '10:50'),
  ('734ac106-e1cd-6347-f353-6524b9e3dd56', 'c0000010-0000-0000-0000-000000000003', 'a1000001-0000-0000-0000-000000000010', 'b1000001-0000-0000-0000-000000000033', 4, 4, '10:05', '10:50'),
  ('8b03e3f6-2a37-26aa-1541-5cd607c6367c', 'c0000010-0000-0000-0000-000000000004', 'a1000001-0000-0000-0000-000000000010', 'b1000001-0000-0000-0000-000000000033', 3, 4, '10:05', '10:50'),
  ('e5a45b7e-5a7e-2f61-1d17-238abd33e8be', 'c0000010-0000-0000-0000-000000000004', 'a1000001-0000-0000-0000-000000000010', 'b1000001-0000-0000-0000-000000000033', 1, 4, '10:05', '10:50'),
  ('70f236bb-61f1-9d29-57ba-3342c3479ee4', 'c0000010-0000-0000-0000-000000000004', 'a1000001-0000-0000-0000-000000000010', 'b1000001-0000-0000-0000-000000000033', 2, 5, '11:00', '11:45'),
  ('058f9dce-93e8-bcd1-3641-0584babc3be5', 'c0000011-0000-0000-0000-000000000006', 'a1000001-0000-0000-0000-000000000010', 'b1000001-0000-0000-0000-000000000033', 2, 4, '10:05', '10:50'),
  ('3dfa6d9c-f007-c468-0643-537c9fd6359c', 'c0000011-0000-0000-0000-000000000006', 'a1000001-0000-0000-0000-000000000010', 'b1000001-0000-0000-0000-000000000033', 4, 5, '11:00', '11:45'),
  ('a83ad55e-3fe8-f42f-04d9-6422fa3f9509', 'c0000011-0000-0000-0000-000000000006', 'a1000001-0000-0000-0000-000000000010', 'b1000001-0000-0000-0000-000000000033', 0, 5, '11:00', '11:45'),
  ('8adfbeab-4009-5434-b3b6-29096dce27d3', 'c0000012-0000-0000-0000-000000000006', 'a1000001-0000-0000-0000-000000000010', 'b1000001-0000-0000-0000-000000000034', 0, 3, '09:15', '10:00'),
  ('98fd361b-150a-59c5-6130-af6a647ed2d2', 'c0000012-0000-0000-0000-000000000006', 'a1000001-0000-0000-0000-000000000010', 'b1000001-0000-0000-0000-000000000034', 1, 3, '09:15', '10:00'),
  ('6a8822a3-0965-c454-045c-f3ff1f674686', 'c0000012-0000-0000-0000-000000000006', 'a1000001-0000-0000-0000-000000000010', 'b1000001-0000-0000-0000-000000000034', 2, 3, '09:15', '10:00'),
  ('e9fbc386-fa0a-2bd7-f7a9-8e9abb48cc15', 'c0000011-0000-0000-0000-000000000006', 'a1000001-0000-0000-0000-000000000010', 'b1000001-0000-0000-0000-000000000034', 3, 4, '10:05', '10:50'),
  ('7bc2683a-f9a6-5278-6c7b-2458178fa33f', 'c0000011-0000-0000-0000-000000000006', 'a1000001-0000-0000-0000-000000000010', 'b1000001-0000-0000-0000-000000000034', 2, 5, '11:00', '11:45'),
  ('b70fb168-96f5-f7c0-13dd-6011b0ea03f0', 'c0000011-0000-0000-0000-000000000006', 'a1000001-0000-0000-0000-000000000010', 'b1000001-0000-0000-0000-000000000034', 3, 5, '11:00', '11:45'),
  ('b059e692-0535-8930-9ce0-ec3a55f33b96', 'c0000010-0000-0000-0000-000000000005', 'a1000001-0000-0000-0000-000000000010', 'b1000001-0000-0000-0000-000000000034', 4, 3, '09:15', '10:00'),
  ('4e8997ca-5ec6-f433-0f34-375112430a09', 'c0000010-0000-0000-0000-000000000005', 'a1000001-0000-0000-0000-000000000010', 'b1000001-0000-0000-0000-000000000034', 3, 3, '09:15', '10:00'),
  ('cfcb3008-d491-033f-3ddf-34528620d7c9', 'c0000010-0000-0000-0000-000000000005', 'a1000001-0000-0000-0000-000000000010', 'b1000001-0000-0000-0000-000000000034', 0, 4, '10:05', '10:50'),
  ('cbc6dc2b-5ae7-b899-ec4f-32b3b035d364', 'c0000012-0000-0000-0000-000000000003', 'a1000001-0000-0000-0000-000000000010', 'b1000001-0000-0000-0000-000000000034', 4, 1, '07:30', '08:15'),
  ('852f0526-adbc-e671-8236-7d29048a1e3d', 'c0000012-0000-0000-0000-000000000004', 'a1000001-0000-0000-0000-000000000010', 'b1000001-0000-0000-0000-000000000034', 0, 5, '11:00', '11:45'),
  ('024d400a-5ab4-5c47-7ace-6142a5aa8113', 'c0000012-0000-0000-0000-000000000004', 'a1000001-0000-0000-0000-000000000010', 'b1000001-0000-0000-0000-000000000034', 1, 5, '11:00', '11:45'),
  ('cc2cf8d3-b0cf-46d3-8c72-f4b27fd956bf', 'c0000012-0000-0000-0000-000000000004', 'a1000001-0000-0000-0000-000000000010', 'b1000001-0000-0000-0000-000000000034', 4, 5, '11:00', '11:45'),
  ('c385081e-f1df-fd87-15cd-8c8e936bf87e', 'c0000012-0000-0000-0000-000000000006', 'a1000001-0000-0000-0000-000000000010', 'b1000001-0000-0000-0000-000000000035', 3, 3, '09:15', '10:00'),
  ('5bcd649d-2df4-f3b1-182e-c32511c9bc87', 'c0000012-0000-0000-0000-000000000006', 'a1000001-0000-0000-0000-000000000010', 'b1000001-0000-0000-0000-000000000035', 4, 3, '09:15', '10:00'),
  ('5b1d785e-f5b3-3608-ad55-d73848562937', 'c0000012-0000-0000-0000-000000000001', 'a1000001-0000-0000-0000-000000000010', 'b1000001-0000-0000-0000-000000000035', 2, 5, '11:00', '11:45'),
  ('13bdae32-1a52-11e9-0ca8-6c577f42226c', 'c0000012-0000-0000-0000-000000000001', 'a1000001-0000-0000-0000-000000000010', 'b1000001-0000-0000-0000-000000000035', 3, 5, '11:00', '11:45'),
  ('c939dab4-3f0e-95e0-a78f-1f9cceda2230', 'c0000012-0000-0000-0000-000000000001', 'a1000001-0000-0000-0000-000000000010', 'b1000001-0000-0000-0000-000000000035', 1, 5, '11:00', '11:45'),
  ('01f3eb2f-1ce2-906d-ea8f-29830fc9253a', 'c0000012-0000-0000-0000-000000000002', 'a1000001-0000-0000-0000-000000000010', 'b1000001-0000-0000-0000-000000000035', 2, 1, '07:30', '08:15'),
  ('4d34b1f1-260e-ccd2-6a7a-6ade63c5185f', 'c0000012-0000-0000-0000-000000000002', 'a1000001-0000-0000-0000-000000000010', 'b1000001-0000-0000-0000-000000000035', 3, 1, '07:30', '08:15'),
  ('3ee93a24-089e-5048-cdf0-8ad312fe9f7d', 'c0000012-0000-0000-0000-000000000006', 'a1000001-0000-0000-0000-000000000011', 'b1000001-0000-0000-0000-000000000036', 4, 5, '11:00', '11:45'),
  ('0228b3f3-11f6-5a92-f02a-54192fe4335b', 'c0000012-0000-0000-0000-000000000006', 'a1000001-0000-0000-0000-000000000011', 'b1000001-0000-0000-0000-000000000036', 0, 5, '11:00', '11:45'),
  ('378ffc45-f435-1d02-7d61-0fe612fbcfd0', 'c0000012-0000-0000-0000-000000000004', 'a1000001-0000-0000-0000-000000000011', 'b1000001-0000-0000-0000-000000000036', 2, 5, '11:00', '11:45'),
  ('890ed073-31c5-3f38-5ba6-7b559f4e1cb9', 'c0000012-0000-0000-0000-000000000004', 'a1000001-0000-0000-0000-000000000011', 'b1000001-0000-0000-0000-000000000036', 3, 5, '11:00', '11:45'),
  ('b8b82f6d-f00c-5ae3-fa07-51626b737aea', 'c0000011-0000-0000-0000-000000000004', 'a1000001-0000-0000-0000-000000000011', 'b1000001-0000-0000-0000-000000000036', 1, 5, '11:00', '11:45'),
  ('c456ed93-b586-2962-74e3-eae6554e9032', 'c0000011-0000-0000-0000-000000000003', 'a1000001-0000-0000-0000-000000000011', 'b1000001-0000-0000-0000-000000000036', 4, 1, '07:30', '08:15'),
  ('8215c8e0-e7d1-9373-7136-de72142291fa', 'c0000010-0000-0000-0000-000000000001', 'a1000001-0000-0000-0000-000000000011', 'b1000001-0000-0000-0000-000000000037', 2, 4, '10:05', '10:50'),
  ('a7b536e7-9fc6-fe26-065d-3eed93c6464e', 'c0000010-0000-0000-0000-000000000001', 'a1000001-0000-0000-0000-000000000011', 'b1000001-0000-0000-0000-000000000037', 4, 4, '10:05', '10:50'),
  ('73bb9028-4b3f-dd47-3d68-05819581f8c1', 'c0000010-0000-0000-0000-000000000004', 'a1000001-0000-0000-0000-000000000011', 'b1000001-0000-0000-0000-000000000037', 4, 5, '11:00', '11:45'),
  ('ae1b7bdc-798c-fbe9-2752-250056f55cd6', 'c0000010-0000-0000-0000-000000000004', 'a1000001-0000-0000-0000-000000000011', 'b1000001-0000-0000-0000-000000000037', 0, 5, '11:00', '11:45'),
  ('a758bb82-d892-1200-57c3-59914666067b', 'c0000010-0000-0000-0000-000000000004', 'a1000001-0000-0000-0000-000000000011', 'b1000001-0000-0000-0000-000000000037', 1, 5, '11:00', '11:45'),
  ('9e37abaa-ed32-c421-9f01-6687ea4a4108', 'c0000010-0000-0000-0000-000000000005', 'a1000001-0000-0000-0000-000000000011', 'b1000001-0000-0000-0000-000000000037', 1, 4, '10:05', '10:50'),
  ('cadcc1df-a13e-5f94-89e3-34495025f2fd', 'c0000010-0000-0000-0000-000000000005', 'a1000001-0000-0000-0000-000000000011', 'b1000001-0000-0000-0000-000000000037', 3, 4, '10:05', '10:50'),
  ('dad8c94c-cc9e-ff55-6557-3dff7ebb4d8a', 'c0000010-0000-0000-0000-000000000005', 'a1000001-0000-0000-0000-000000000011', 'b1000001-0000-0000-0000-000000000037', 3, 5, '11:00', '11:45'),
  ('db8f8164-af6c-581e-7c62-4bdea2d2cdd9', 'c0000010-0000-0000-0000-000000000006', 'a1000001-0000-0000-0000-000000000011', 'b1000001-0000-0000-0000-000000000037', 0, 4, '10:05', '10:50'),
  ('89e1c1da-6bfd-b648-8108-b1dd82813e0c', 'c0000010-0000-0000-0000-000000000006', 'a1000001-0000-0000-0000-000000000011', 'b1000001-0000-0000-0000-000000000037', 2, 5, '11:00', '11:45')
ON CONFLICT (class_id, day_of_week, period_number) DO UPDATE SET
  subject_id=EXCLUDED.subject_id, teacher_id=EXCLUDED.teacher_id,
  start_time=EXCLUDED.start_time, end_time=EXCLUDED.end_time;